,Model_Type,Accuracy_Train,Accuracy_Test,Precision,Recall,F1_Score
1,Logistic - all,0.849056604,0.36,0.285714286,0.044444444,0.076923077
2,Logistic - Lasso,0.839622642,0.546666667,0.72,0.4,0.514285714
3,Random Forest - All,0.990566038,0.68,0.661538462,0.955555556,0.781818182
4,Random Forest - Lasso,0.990566038,0.613333333,0.617647059,0.933333333,0.743362832
5,ANN - All,0.952830189,0.48,0.666666667,0.266666667,0.380952381
6,ANN - Lasso,0.924528302,0.426666667,0.555555556,0.222222222,0.317460317
