"","Model_Type","Accuracy_Train","Accuracy_Test","Precision","Recall","F1_Score"
"1","Logistic - all",0.962264150943396,0.565217391304348,0.744186046511628,0.524590163934426,0.615384615384615
"2","Logistic - Lasso",0.905660377358491,0.510869565217391,0.863636363636364,0.311475409836066,0.457831325301205
"3","Random Forest - All",0.990566037735849,0.739130434782609,0.72289156626506,0.983606557377049,0.833333333333333
"4","Random Forest - Lasso",0.990566037735849,0.695652173913043,0.689655172413793,0.983606557377049,0.810810810810811
"5","ANN - All",0.924528301886792,0.543478260869565,0.952380952380952,0.327868852459016,0.48780487804878
"6","ANN - Lasso",0.952830188679245,0.554347826086957,0.794117647058823,0.442622950819672,0.568421052631579
