"","Model_Type","Accuracy_Train","Accuracy_Test","Precision","Recall","F1_Score"
"1","Logistic - all",0.849056603773585,0.36,0.285714285714286,0.0444444444444444,0.0769230769230769
"2","Logistic - Lasso",0.839622641509434,0.546666666666667,0.72,0.4,0.514285714285714
"3","Random Forest - All",0.990566037735849,0.68,0.661538461538462,0.955555555555556,0.781818181818182
"4","Random Forest - Lasso",0.990566037735849,0.613333333333333,0.617647058823529,0.933333333333333,0.743362831858407
"5","ANN - All",0.952830188679245,0.48,0.666666666666667,0.266666666666667,0.380952380952381
"6","ANN - Lasso",0.924528301886792,0.426666666666667,0.555555555555556,0.222222222222222,0.317460317460317
