"","Iteration","Model_Type","R2_Train","R2_Test","RMSE_Train","RMSE_Test","CI_Lower_Test","CI_Upper_Test"
"1",1,"Lasso",0.385878730599461,0.364539624351992,1384.48533733446,1313.8446098372,1435.97810972265,2431.11416707181
"2",1,"Ridge",0.342882736154067,0.348282839419851,1432.13094765704,1330.54431726436,1380.27834190532,2394.63470749279
"3",1,"Log-Linear",0.350119347160596,-36.8531292840814,1424.22332861953,10140.2966462878,-143.932069938898,7523.14685627489
"4",1,"OLS",0.633330541425056,-0.550722809079555,1069.79030996515,2052.4229086961,1146.81615904129,2718.35260465785
"5",1,"Quadratic_all",0.715288677874177,-2.03040779299255,942.67862613882,2869.13050631852,1150.40270882237,3322.21776120028
"6",1,"Quadratic_correlated",0.634643410107437,-0.592805062383114,1067.87338775667,2080.08498826367,1325.21283056889,2895.74268920215
"7",1,"Stepwise",0.629658508190833,-0.577703771294452,1075.1337048924,2070.20092321106,1073.04434041218,2663.57422602397
"8",1,"RandomForest",0.777130122841829,0.224723307206133,834.040188951085,1451.20287486107,1295.09803055087,2407.10571774459
"9",1,"Bagging",0.789091438122982,0.22099325647886,811.350291141985,1454.68973645962,1272.59322773765,2388.99392146378
"10",1,"ANN",-6.59411349979931,-36.5992876314787,4868.55222456481,10106.2392305089,-6685.53073393499,97.8738778356537
"11",2,"Lasso",0.427356464731902,0.340420076086008,1268.4840295861,1586.82657986977,1246.65895486149,2468.6083753569
"12",2,"Ridge",0.323976393967617,0.322767327180479,1378.23651936967,1607.92098586948,1094.94186859642,2321.24730835473
"13",2,"Log-Linear",0.0279221454458817,-26.5697651806313,1652.69741313758,10259.1714055141,501.910645211328,8195.34563490728
"14",2,"OLS",0.609395984376832,-0.0380671087509938,1047.63783531667,1990.71215231561,1403.07818404095,2929.31960052872
"15",2,"Quadratic_all",0.6337540551985,-0.0971702580454934,1014.44670302749,2046.5990370839,1178.51683296741,2757.02262851444
"16",2,"Quadratic_correlated",0.602204824814427,0.0690493279811307,1057.23754682557,1885.20718890784,1129.35687849651,2581.68978786318
"17",2,"Stepwise",0.607564202201508,-0.0950511865596411,1050.09147071467,2044.62168410728,1444.02217254182,3006.53267917262
"18",2,"RandomForest",0.768149479738545,0.28089825660276,807.136263585032,1656.87949443942,1081.58431571619,2346.74487611428
"19",2,"Bagging",0.788689329268186,0.29249337792282,770.554812047183,1643.46707104057,1091.12704736704,2346.33869372247
"20",2,"ANN",-6.77746191509261,-11.5962446340085,4674.78637093995,6934.5182521866,-2230.90149804666,2978.08902311848
"21",3,"Lasso",0.433528583702952,0.206600672223826,1262.3849868598,1732.8270365989,765.384056957321,2025.46134957769
"22",3,"Ridge",0.373094975798278,0.16039451166521,1328.01718773359,1782.5714059829,777.366369142798,2087.50407213492
"23",3,"Log-Linear",-0.364349504532907,-0.188605010098844,1959.14075639126,2120.93851950402,280.969891902565,1738.32394940777
"24",3,"OLS",0.56480867200784,0.206222565175894,1106.47839154493,1733.23989053654,501.280835699149,1643.4014427404
"25",3,"Quadratic_all",0.655252031354998,0.105101908869055,984.812786282848,1840.33163748447,464.978610610836,1709.05289588341
"26",3,"Quadratic_correlated",0.613773516573244,0.185224614924906,1042.37466104649,1756.01512172584,508.573227778055,1681.48962307435
"27",3,"Stepwise",0.540173957219641,0.0656281770053119,1137.36432759209,1880.48194515261,345.395374984672,1564.9091208826
"28",3,"RandomForest",0.815001651729304,0.0296721762505695,721.417621229852,1916.32225718493,453.513475299077,1774.77079174986
"29",3,"Bagging",0.834373020917258,0.0420556563541333,682.603264659027,1904.05478486082,449.164457724851,1755.10444343754
"30",3,"ANN",-6.52218160678611,-12.7439250042379,4600.17896565606,7212.14898725743,-4836.16667899195,-616.423874214563
"31",4,"Lasso",0.362730880782683,0.564503537546225,1418.00476615087,1011.22261556268,899.881195049793,1677.39500508177
"32",4,"Ridge",0.299236191152396,0.450589801593619,1486.96958652952,1135.80248998084,951.987112941074,1817.4310808458
"33",4,"Log-Linear",-0.115408645555601,0.311930906097032,1876.00182619535,1271.07297072769,385.580652954267,1327.69230382855
"34",4,"OLS",0.475172589594571,0.575414231563382,1286.8398700297,998.474952215178,916.825835351491,1683.69991735794
"35",4,"Quadratic_all",0.567422292387767,0.267579806969377,1168.28370968598,1311.39828923332,527.36739597893,1529.2916982454
"36",4,"Quadratic_correlated",0.503932646859528,0.498079909091267,1251.08430786991,1085.60478297392,566.38141173776,1384.19670992788
"37",4,"Stepwise",0.451335136944604,0.482301934087787,1315.73924238109,1102.53587398309,812.056712714475,1662.17320654116
"38",4,"RandomForest",0.685887176178835,0.783613679058502,995.540854627052,712.802738537352,1115.81732885025,1648.98059840875
"39",4,"Bagging",0.706253387949477,0.808934044003314,962.725968897528,669.801497071109,1135.5757576523,1633.97051208843
"40",4,"ANN",-5.80950245609148,-11.239898205352,4635.25834060106,5360.96980411056,-2600.54540365231,1274.31445516748
"41",5,"Lasso",0.330303395206829,0.352236435891279,1346.10269865444,1611.99260583535,1136.89957783188,2337.65158989077
"42",5,"Ridge",0.31366798956185,0.306047985851146,1362.71888244462,1668.47424731659,1080.36755891753,2318.21698525971
"43",5,"Log-Linear",0.215810645159297,-8.8394401196654,1456.63123229883,6282.60826042695,332.641097131162,5157.16510782817
"44",5,"OLS",0.572161941662696,0.176040845888071,1075.91720815622,1818.05756024166,1350.93096788114,2750.90180911682
"45",5,"Quadratic_all",0.62842875754331,0.0479426214190297,1002.67501612241,1954.27802711164,1328.1031617422,2834.37895862481
"46",5,"Quadratic_correlated",0.566878255704591,0.274711677790704,1082.54046737218,1705.72938004268,1305.27460816328,2612.13452494107
"47",5,"Stepwise",0.56383088746722,0.120030005415786,1086.34207417716,1878.83533507799,1329.61001018654,2776.62913120354
"48",5,"RandomForest",0.774194597939426,0.321371643395729,781.639161404777,1649.9500199887,1160.07916531899,2399.22993812905
"49",5,"Bagging",0.786395007940561,0.302940268633119,760.229723068083,1672.20602837495,1162.72600493501,2421.6963598906
"50",5,"ANN",-7.68384782999778,-8.87249249987397,4847.2480948299,6293.15159720705,-2330.50399593999,2213.1000329558
"51",6,"Lasso",0.387893774400575,0.240254449585717,1385.26763564386,1324.09695267688,1339.30895701238,2220.39044712563
"52",6,"Ridge",0.339257409307407,0.187606485467428,1439.2506703366,1369.20642153395,1340.76178306474,2254.19244483741
"53",6,"Log-Linear",-0.235246274086115,0.468004094243802,1967.87299415298,1108.00022461492,672.914033368135,1527.49884277287
"54",6,"OLS",0.497909642318366,0.391795135753592,1254.61717949972,1184.70616386546,1121.87685614572,1971.40808649684
"55",6,"Quadratic_all",0.595313340385752,0.00439842153044423,1126.36652139367,1515.75319272269,1071.8708007982,2172.32177937075
"56",6,"Quadratic_correlated",0.541949980774023,0.297912037289265,1198.33085646462,1272.86242716966,1308.84278372719,2163.67902801566
"57",6,"Stepwise",0.483506227886108,0.233149506711149,1272.48547605672,1330.27385033357,1182.73030748944,2120.05970037804
"58",6,"RandomForest",0.704730702486091,0.578970957764888,962.120425983639,985.693131953739,1422.74011734823,2019.43542981214
"59",6,"Bagging",0.720639843286022,0.557448630912119,935.841978796337,1010.57266718699,1438.51831798594,2046.56852708051
"60",6,"ANN",-6.31539966129258,-17.5595931627344,4788.93914611443,6544.4014085588,-1451.60430546655,3596.12163322814
"61",7,"Lasso",0.43060979895409,0.141236803123641,1157.10114344844,1956.67458728151,1163.68065843835,2543.04059236946
"62",7,"Ridge",0.351738504687715,0.0414202487628923,1234.6431228089,2067.26436267461,1015.19379216522,2443.93521692385
"63",7,"Log-Linear",-0.0587013780539734,-0.232878873207597,1577.80405369521,2344.45606117178,656.400012452735,2201.26349269559
"64",7,"OLS",0.563190246397943,0.178820171414821,1013.47372069437,1913.37911379867,1330.28562842154,2726.77987433519
"65",7,"Quadratic_all",0.736145550057341,-0.515727757623396,787.677681014353,2599.51599787231,1257.4076864119,3238.65610716389
"66",7,"Quadratic_correlated",0.637714475679114,0.0286577766631237,922.978998241197,2080.98057498555,1077.49314320554,2547.79074014957
"67",7,"Stepwise",0.542380128726158,0.182394647956017,1037.33436526427,1909.2102415175,1379.1160170179,2785.77348600409
"68",7,"RandomForest",0.798742485359361,0.0767259986783153,687.927040883357,2028.83718299705,1120.29658350912,2555.15622508599
"69",7,"Bagging",0.815228776141048,0.0227185331551386,659.148845947988,2087.33292678278,1066.73842993448,2539.08610123557
"70",7,"ANN",-8.56732597685109,-13.0947309243248,4743.09271499451,7927.02608344516,1128.89540643919,7134.97261938331
"71",8,"Lasso",0.489807832562676,-0.0812529148987717,1276.04888023662,1624.09595191196,754.656362274149,1997.07904771749
"72",8,"Ridge",0.409279543624406,0.0798902919180223,1373.06602943374,1498.19327987674,866.964191154348,2017.40082471017
"73",8,"Log-Linear",0.3775013357683,-6.04624970194668,1409.51476381776,4145.97857007365,209.316765400092,3402.57271782033
"74",8,"OLS",0.619580967961626,-0.273878165874285,1101.87298481066,1762.83630142401,808.757553252542,2166.45430463008
"75",8,"Quadratic_all",0.659058418186334,-0.329318971795266,1043.13472558722,1800.78821455453,866.433585152145,2255.30409100543
"76",8,"Quadratic_correlated",0.595627349399411,-0.133427313894214,1136.03393521967,1662.81860600025,891.553772588803,2173.51421011952
"77",8,"Stepwise",0.614594519590027,-0.302633903290175,1109.07102747201,1782.62185570905,772.571162326315,2144.15108394679
"78",8,"RandomForest",0.756778382778776,0.319906077008041,881.051922541993,1288.04929822878,962.481034440636,1951.16613226674
"79",8,"Bagging",0.765971742752098,0.321876345479424,864.240404900035,1286.18217110045,947.282679136009,1933.17057132342
"80",8,"ANN",-5.59159350246621,-260.752949091275,4586.65026077883,25269.3359884081,-3877.12580482698,15348.609714895
"81",9,"Lasso",0.416476664639276,0.202590290849784,1352.45275768706,1457.82180470374,1292.64177007168,2402.60991752189
"82",9,"Ridge",0.377702373302275,0.189673359590205,1396.66439521006,1469.58171804423,1305.50854677687,2422.55748790065
"83",9,"Log-Linear",-0.274185261377801,-0.253383493521912,1998.52358678947,1827.70318033301,1130.82754488813,2530.66155753758
"84",9,"OLS",0.52978980476992,0.277117647490126,1214.05681251485,1388.02565521135,1363.90424001894,2413.41501201297
"85",9,"Quadratic_all",0.647504256479102,-1.40074862081413,1051.16266708623,2529.51364276367,1176.47405619574,3086.35326834008
"86",9,"Quadratic_correlated",0.591822681786601,-0.738796422919539,1131.14276904737,2152.72250532931,1396.81980465178,2995.48568702987
"87",9,"Stepwise",0.514157685081315,0.220924997229595,1234.07245361438,1440.96461768476,1422.01966307332,2500.76654436694
"88",9,"RandomForest",0.750013622493135,0.236957210878674,885.219885379824,1426.06108344325,1094.76020039583,2194.46016195925
"89",9,"Bagging",0.767085024020476,0.224682846023512,854.459920575447,1437.48518847812,1090.42478991293,2198.93717023488
"90",9,"ANN",-5.77259782010666,-12075.0816930493,4607.55611160803,179401.761609497,-120382.369630338,11001.6828827204
"91",10,"Lasso",0.388366501575017,0.2606658725438,1386.34872513153,1376.43256970789,1092.80195413152,2141.35065484301
"92",10,"Ridge",0.356376301593762,0.225575604077765,1422.14169377597,1408.71804119906,1098.29621687036,2169.93271127883
"93",10,"Log-Linear",-0.405132429261081,0.374247929850755,2101.28753529306,1266.29738859752,697.342870495541,1658.75075622727
"94",10,"OLS",0.513791213585131,0.383832957167685,1236.05631345547,1256.56163667346,802.378617891015,1767.41378063956
"95",10,"Quadratic_all",0.644353227642801,-0.235008655816465,1057.1492149569,1778.97385097068,502.951920516535,1864.81251216434
"96",10,"Quadratic_correlated",0.573129645853325,0.223471480486995,1158.17677832792,1410.63049787078,796.931851150494,1883.96048130257
"97",10,"Stepwise",0.510420027625659,0.333994617780249,1240.3340822699,1306.39176218036,751.621561431931,1752.66888280682
"98",10,"RandomForest",0.731608520072488,0.50641301613894,918.356318379617,1124.64747632197,980.255766538419,1847.66165327869
"99",10,"Bagging",0.745963059956189,0.534560371248719,893.460366657349,1092.1096446956,964.265675184589,1806.53883924461
"100",10,"ANN",-6.60514991159218,-111.448171913147,4888.55769827827,16975.0383243982,-9242.82038825763,3420.77410227072
"101",11,"Lasso",0.428774330615572,0.288103556663833,1310.71693105699,1495.40631736885,692.866531481591,1829.81654244261
"102",11,"Ridge",0.354413845467135,0.232361702659218,1393.42037197031,1552.84860463945,783.521140659299,1976.85516807919
"103",11,"Log-Linear",-0.333056442946373,0.101864088499516,2002.30080020682,1679.66174192164,208.905956519534,1379.79863392209
"104",11,"OLS",0.540533614951435,0.337914165503442,1175.52514566463,1442.14174208601,626.074611023875,1705.6721729208
"105",11,"Quadratic_all",0.623840580472038,0.32007761434058,1063.63108826335,1461.43824848557,494.374975757347,1557.03161823023
"106",11,"Quadratic_correlated",0.592673625872172,0.262667137418586,1106.81826517654,1521.88765678807,554.578113195464,1688.93305780102
"107",11,"Stepwise",0.524554327085161,0.291880965901924,1195.79160839916,1491.43363644635,564.905444399477,1674.50344899256
"108",11,"RandomForest",0.786286630241027,0.098330561854728,801.716640374897,1682.96263617902,412.717698412157,1657.30295013063
"109",11,"Bagging",0.810984397388269,0.0951046005767957,753.969676216874,1685.97057049457,423.753943901396,1673.85711768775
"110",11,"ANN",-6.33720065165724,-34.236705676594,4697.53743567145,10520.7923472953,-5673.96400728883,2021.21799706282
"111",12,"Lasso",0.306807564023248,0.485526113751027,1388.72034129287,1439.76424011755,1084.49961810981,2191.83571084789
"112",12,"Ridge",0.270386362999097,0.429628052098144,1424.73587711273,1515.96367059129,1041.52349536867,2206.97099397659
"113",12,"Log-Linear",-0.227346877393827,0.223856591124188,1847.87057673317,1768.4007958792,299.427406906959,1495.76483520558
"114",12,"OLS",0.455522242118963,0.570218637083924,1230.77300180395,1315.93217045512,1028.30254951119,2029.24568827927
"115",12,"Quadratic_all",0.536799205247189,0.519714476354649,1135.20040467655,1391.10356365914,978.212031472193,2035.05094182425
"116",12,"Quadratic_correlated",0.477013146689583,0.629713104767573,1206.23874813815,1221.45897780615,1087.0780080184,2017.13649248225
"117",12,"Stepwise",0.439749047540739,0.542198620278986,1248.47310504558,1358.1516432479,965.14569484178,1992.04625979653
"118",12,"RandomForest",0.656776093861763,0.796617393890384,977.184690136053,905.246009049423,1277.91542203696,1969.6452935866
"119",12,"Bagging",0.674048241182783,0.797925433162594,952.279759809897,902.330304118267,1260.73522508489,1947.96176248796
"120",12,"ANN",-7.45925745301513,-2.50571855579513,4851.25396463259,3758.35879893312,-192.080566992241,2680.75955255833
"121",13,"Lasso",0.359785959074719,0.310566073407605,1361.71931469097,1499.76269566551,1244.68229139728,2369.10954149923
"122",13,"Ridge",0.330041799357543,0.273673363984113,1392.99274314901,1539.36712341855,1187.35085458135,2334.24059533484
"123",13,"Log-Linear",-0.193740149999838,-0.840403072521492,1859.43028762063,2450.37580910869,1125.58737459472,3014.35197869017
"124",13,"OLS",0.547476961118467,0.211892512583257,1144.84145692597,1603.49994096839,1512.36706703451,2748.97906891034
"125",13,"Quadratic_all",0.641884416663227,-0.037183684087261,1018.44272453732,1839.51807543225,1456.83326039174,2875.67515625448
"126",13,"Quadratic_correlated",0.571693250873723,0.246975009238251,1113.78780690647,1567.40387540561,1325.54725575173,2520.72544310319
"127",13,"Stepwise",0.518536884661316,0.216112583283006,1180.88202247001,1599.20105648893,1497.74119534364,2730.74578797754
"128",13,"RandomForest",0.748785111091195,0.391531563003583,852.997361742177,1408.94892174353,1280.25011721346,2332.36105400283
"129",13,"Bagging",0.763900974906137,0.402074062617159,826.936377200927,1396.68966016898,1301.80743920801,2347.76703758928
"130",13,"ANN",-7.28988493875021,-77.0084108468156,4900.03578356011,15953.1679329863,-155.301966221507,11819.1276995861
"131",14,"Lasso",0.47496470275657,-0.0363224850743538,1291.12250616787,1608.87644606114,704.710645314704,1899.72235007402
"132",14,"Ridge",0.40592123405889,0.0525639888293176,1373.39422158902,1538.33236409595,805.996401580807,1960.97684627808
"133",14,"Log-Linear",0.232228666887024,-24.7866130717736,1561.31002108949,8025.50528273482,-210.585003262586,5919.22738102041
"134",14,"OLS",0.625497647863809,-0.307198793009007,1090.43674020029,1806.94965380743,932.600751056241,2323.8542068314
"135",14,"Quadratic_all",0.692793446955719,-0.783478936598236,987.616731105151,2110.61599654897,684.957392903715,2302.14128606357
"136",14,"Quadratic_correlated",0.642296023137645,-0.247487134447884,1065.7002930975,1765.19736618767,872.605812178396,2226.52317163914
"137",14,"Stepwise",0.621901947710218,-0.324038409749366,1095.65902661939,1818.55116761698,958.63624681007,2360.07213201978
"138",14,"RandomForest",0.816907192868158,-0.271481289696436,762.445564993373,1782.09240772266,671.15596913935,2011.60193503033
"139",14,"Bagging",0.829737651319389,-0.290771928479838,735.245729900711,1795.56027716736,662.117748698937,2012.50336116492
"140",14,"ANN",-5.81630507360058,-11.8807940995427,4652.08574440117,5672.13491340647,-2654.98270578334,1305.18889989903
"141",15,"Lasso",0.329716740158579,0.356240134344954,1315.29051154049,1734.11780127286,1128.38810030849,2456.63392285235
"142",15,"Ridge",0.296343063232646,0.29934528625324,1347.63718938248,1809.12540213042,1041.20877810119,2421.52327696103
"143",15,"Log-Linear",-0.246823467512592,0.371766057637599,1793.88659481794,1713.07882151715,743.412388902647,1968.87531496357
"144",15,"OLS",0.455533055530067,0.518886146370885,1185.43640296438,1499.13443112034,1153.44514664044,2290.13799851328
"145",15,"Quadratic_all",0.536439991051687,0.600861729465231,1093.81904764988,1365.45795890057,1438.67530490352,2491.59446864989
"146",15,"Quadratic_correlated",0.491422611446426,0.564295514221969,1145.70029337806,1426.63430597063,1288.18182592196,2381.45822002136
"147",15,"Stepwise",0.428166793049856,0.444077042389606,1214.86266733054,1611.47640933762,1161.74255369456,2393.1378452605
"148",15,"RandomForest",0.689105962278149,0.585389922803344,895.774504105154,1391.67099023692,1127.85753637118,2166.90167307062
"149",15,"Bagging",0.706594784423052,0.601903673795978,870.214700178786,1363.67454071866,1121.86196505368,2134.54639753376
"150",15,"ANN",-8.44599091386086,-18.3011313950309,4937.60406948073,9495.28558250997,-2943.67224637208,4309.77322068892
"151",16,"Lasso",0.455880009335442,0.217263963127551,1238.13353635198,1714.06382233027,1245.42150095672,2565.87532309322
"152",16,"Ridge",0.389592367893115,0.199014967785978,1311.38473414355,1733.92985511083,1152.60283734179,2483.35123973989
"153",16,"Log-Linear",0.183960174253978,-0.29917458095407,1516.26748983835,2208.27462217475,717.952137127226,2387.36613720965
"154",16,"OLS",0.582686684595172,0.110690576426336,1084.30451775235,1827.03039006372,979.073590036763,2366.79875118217
"155",16,"Quadratic_all",0.67410956142661,-0.515193812590824,958.19953450467,2384.80799072514,1206.89578414013,3043.41944715696
"156",16,"Quadratic_correlated",0.581222315696367,0.309200090318177,1086.20528542533,1610.25798034332,1448.15273675182,2688.72929044454
"157",16,"Stepwise",0.574897528048196,0.17037169187805,1094.37701073346,1764.66025912336,1058.50044139323,2404.85642889445
"158",16,"RandomForest",0.770397275448503,0.348764662968599,804.282584470913,1563.46550264074,1421.08049651911,2626.73874189983
"159",16,"Bagging",0.777245522006783,0.358584601826342,792.197318172868,1551.63302631427,1454.38751703921,2650.24900784792
"160",16,"ANN",-7.77887866586326,-22.1437429583475,4973.2428794416,9320.43372690503,-539.968638882517,6604.0452992221
"161",17,"Lasso",0.34344887308834,0.596045350318253,1458.05469524529,955.444092927953,1647.71763721487,2345.585652947
"162",17,"Ridge",0.301261398412465,0.563377463167762,1504.16995071574,993.326560810791,1516.52082293236,2266.68700374857
"163",17,"Log-Linear",0.204184193500048,-117.919750917722,1605.26161373157,16393.2842542537,-181.262789485247,12033.6264121317
"164",17,"OLS",0.555502262398166,-0.584377226293976,1199.70458221686,1892.20536565105,1950.34950508415,3233.27220690491
"165",17,"Quadratic_all",0.622052882100548,-1.38476743174885,1106.25452248933,2321.46419658067,2109.30483343536,3647.34690466605
"166",17,"Quadratic_correlated",0.552663731470872,-0.510021183781424,1203.52910021152,1847.27049655461,2063.05435062151,3271.89465199308
"167",17,"Stepwise",0.551071532525218,-0.609918795413168,1205.66905151687,1907.39640333316,1952.33663641201,3245.59556596751
"168",17,"RandomForest",0.724530844093514,0.535364115677221,944.443602964819,1024.69672439983,1716.89979367963,2447.04010589222
"169",17,"Bagging",0.744634954646765,0.499043375806333,909.327374521085,1063.99364954133,1697.50497872804,2461.15678255062
"170",17,"ANN",-6.18390852253685,-23.725177280772,4823.02970747283,7474.95669738921,67.0479450906241,5755.11798597398
"171",18,"Lasso",0.38854228861051,0.556462167917477,1445.53433337665,818.983991930374,1088.67557798257,1719.6290667524
"172",18,"Ridge",0.330127585565202,0.492565063045619,1513.00807143366,875.992243838727,1136.39237106104,1811.65990127566
"173",18,"Log-Linear",-0.310899094231944,0.126802167003722,2116.55632217598,1149.12269752121,695.356170549072,1545.90708192857
"174",18,"OLS",0.49490398101149,0.592198306264869,1313.80881290289,785.298179963176,1215.86513619294,1818.91862234852
"175",18,"Quadratic_all",0.578668213145176,0.386722728534421,1199.93386562046,963.027110253824,1096.85625371949,1839.41991332456
"176",18,"Quadratic_correlated",0.534974463067248,0.475015701297762,1260.61827694961,891.011348730763,1109.4060252398,1796.62240431093
"177",18,"Stepwise",0.481557946486172,0.602448267074424,1331.05287879302,775.366268852236,1196.95272801741,1793.68797722095
"178",18,"RandomForest",0.717654349860498,0.626004873230129,982.281011184331,752.043652390903,1130.95651981437,1710.74924187148
"179",18,"Bagging",0.731949796257788,0.615921392665829,957.091080308032,762.114347012548,1135.80090263356,1723.53093775541
"180",18,"ANN",-5.56629802772545,-571.578828313545,4737.0229974358,29425.7622065929,-5189.00219514372,17231.3247273383
"181",19,"Lasso",0.410677924423603,0.289281705563452,1391.59169805384,1202.50027385144,1311.71793569566,2210.44627691699
"182",19,"Ridge",0.347171528349872,0.232378198003496,1464.65391826025,1249.71242336155,1302.01461956626,2236.69321920919
"183",19,"Log-Linear",-0.408477840725926,-0.217497673743144,2151.34709111168,1573.87597747361,610.349735554811,1808.33051735907
"184",19,"OLS",0.53695565076788,0.305705498932259,1233.52162802592,1188.52494005039,1154.09529546599,2063.96034477969
"185",19,"Quadratic_all",0.614779964094272,0.168069752125461,1125.09684798047,1301.00778136131,848.131714032071,1847.627179889
"186",19,"Quadratic_correlated",0.577585829499744,0.201609030476969,1178.16119334055,1274.51292673185,1009.43820312626,1992.07990392256
"187",19,"Stepwise",0.522161459282575,0.304847055431729,1253.07210464527,1189.25947440699,1222.2891189084,2125.18667015675
"188",19,"RandomForest",0.759000380598423,0.240059812558712,889.905011800433,1243.44374623802,986.491298414003,1945.57966917379
"189",19,"Bagging",0.775554127450149,0.210620794949806,858.798517310971,1267.29954026962,998.3749467629,1975.70151641334
"190",19,"ANN",-5.96704529666883,-33.7413912217574,4784.75595214961,8407.36765413807,-1127.07288149662,5338.74298207211
"191",20,"Lasso",0.356027102864077,0.490918584738854,1400.8977551618,1232.92550577252,1212.28594315193,2154.44562709213
"192",20,"Ridge",0.308003354050049,0.405692562824373,1452.19400412875,1332.13671529371,1216.32197086286,2231.23033443897
"193",20,"Log-Linear",-0.166132159872409,0.330962669169064,1885.15268449751,1413.41075348117,520.314776529811,1544.78574400997
"194",20,"OLS",0.480775552046619,0.407799801355308,1257.91185818693,1329.77293657113,637.24997293632,1618.27165158553
"195",20,"Quadratic_all",0.568486326553875,0.200356485915509,1146.75310698726,1545.22392976322,588.35529972746,1749.81236440942
"196",20,"Quadratic_correlated",0.494135104778196,0.599814549080157,1241.62347689809,1093.13516000658,935.653694729672,1769.33910293998
"197",20,"Stepwise",0.462109591116311,0.534103239633934,1280.32299252011,1179.47315548731,758.781737276217,1634.58625205537
"198",20,"RandomForest",0.695849563028973,0.68964456514709,962.757403381241,962.659925830041,1396.41840403373,2115.47246213562
"199",20,"Bagging",0.715202005510385,0.664917144483216,931.624943549666,1000.27478104255,1416.80542090891,2159.22851743022
"200",20,"ANN",-6.63842895740509,-33.3823371169909,4824.74835180086,10132.3670219689,2054.9605071007,9198.16754854147
"201",21,"Lasso",0.383745216349436,0.247823212632038,1454.36752101043,1024.54340326252,1448.90820321872,2157.54996594062
"202",21,"Ridge",0.345541731244788,0.232729783895175,1498.77001261664,1034.77176048408,1407.05229293298,2135.90997834913
"203",21,"Log-Linear",-0.288100756956525,-0.760472761697271,2102.65942052567,1567.41880547014,764.2528592033,1973.14241409427
"204",21,"OLS",0.54110218405997,-0.106603753141007,1255.02394208179,1242.70048385364,1247.69208472758,2165.81437333413
"205",21,"Quadratic_all",0.658202837434017,-1.97905721360432,1083.12415716109,2038.96523055794,963.310608828894,2507.61090329877
"206",21,"Quadratic_correlated",0.552946083824575,0.18031148279996,1238.72233240743,1069.53456265869,1304.0260176344,2084.95893380312
"207",21,"Stepwise",0.529234368016847,-0.27439893835695,1271.14879615346,1333.59235912821,1220.66801820486,2209.90611467089
"208",21,"RandomForest",0.734956420029186,0.39561977590511,953.789770018128,918.386562583318,1190.20498034339,1883.70677531359
"209",21,"Bagging",0.749366373324346,0.389881551258619,927.499501276023,922.736025538627,1151.06337009338,1853.03055372321
"210",21,"ANN",-5.73422526998598,-27.1970502997944,4807.70526609875,6272.95594564716,-1772.48464672275,3034.0677640724
"211",22,"Lasso",0.400862912670354,0.307690760637884,1243.92898653232,1725.77396724782,1001.89114421687,2228.08491968386
"212",22,"Ridge",0.325270204220846,0.191684451713937,1320.07142617511,1864.76588791785,914.79055041977,2245.9917901876
"213",22,"Log-Linear",-0.209231928745901,-0.128929815442882,1767.2064544674,2203.77535106638,425.249895104639,1883.6065191197
"214",22,"OLS",0.565496453762831,0.247574441397802,1059.32482215139,1799.14273463917,859.080031181779,2099.18984200696
"215",22,"Quadratic_all",0.684253097816842,0.168500418705431,903.029702370176,1891.31935567496,866.098299511975,2204.95541527799
"216",22,"Quadratic_correlated",0.62096203880202,0.194277205912107,989.404405551439,1861.77277284222,826.485593713488,2117.81925054271
"217",22,"Stepwise",0.560869898942744,0.240704449441127,1064.94968642115,1807.33757245545,852.067966008247,2097.58112279454
"218",22,"RandomForest",0.791324419442992,0.271119380650283,734.12210523641,1770.76957343721,903.958941488904,2134.97111110655
"219",22,"Bagging",0.802653082293629,0.288898442273481,713.916895388623,1749.03968959758,907.520656774654,2117.2248670734
"220",22,"ANN",-8.56328096496238,-11.3967217174232,4969.76603700916,7302.76416545286,-2042.84058793319,3456.54173091055
"221",23,"Lasso",0.368387297338055,0.300198609550042,1421.50170127498,1262.93446195893,1477.25225529008,2337.83138130381
"222",23,"Ridge",0.32416474348114,0.27227266178494,1470.42330714396,1287.88699770979,1412.35284079338,2311.91310252398
"223",23,"Log-Linear",-0.306555898815692,0.216169952533955,2044.49453235639,1336.6089580034,749.079963126909,1779.26035354558
"224",23,"OLS",0.497785786492608,0.483446940653478,1267.55395839113,1085.05282646187,1388.97701256157,2149.34283700518
"225",23,"Quadratic_all",0.574546469614507,0.417509749408879,1166.66997673968,1152.22619391405,1295.68630442755,2129.98882700362
"226",23,"Quadratic_correlated",0.531866994382548,0.426858510874075,1223.78911757704,1142.94238235316,1237.7097818517,2078.7812726286
"227",23,"Stepwise",0.472864457239934,0.357414596954298,1298.62304643826,1210.20471749097,1507.32431847053,2319.11081568945
"228",23,"RandomForest",0.705698217748157,0.695579733011892,970.327638815393,832.971600669521,1336.95833579647,1930.76224090278
"229",23,"Bagging",0.726354475995703,0.697144197208601,935.65583506913,830.828456827034,1289.24707537824,1893.7660224675
"230",23,"ANN",-6.07161541768497,-22.4791506967059,4756.43178828245,7315.34150378562,-2486.58655567598,3102.03297990676
"231",24,"Lasso",0.387332049591043,0.50474766632216,1408.95501106243,1041.78462494207,1206.23475484056,1997.45578801143
"232",24,"Ridge",0.321375897037192,0.475199234490522,1482.85670456995,1072.412600751,1177.62061014432,1994.80493510573
"233",24,"Log-Linear",0.197314844716581,-25.1426737000379,1612.71327364327,7569.02046497523,533.887233962359,6177.84371440075
"234",24,"OLS",0.553671041022239,-0.0254193609269031,1202.57474141257,1499.04763949405,1468.87731689125,2534.53791697012
"235",24,"Quadratic_all",0.617911611428602,-0.62364292803342,1112.67022066298,1886.29642199896,1228.90143176457,2629.80409076282
"236",24,"Quadratic_correlated",0.547705081786472,-0.245345475802756,1210.58530817668,1651.9983225857,1265.21186916507,2489.62494316117
"237",24,"Stepwise",0.532626318173242,0.0178337888897198,1230.59932201047,1467.09140566053,1490.52930107984,2527.02311497649
"238",24,"RandomForest",0.713360061540512,0.497752513487842,963.72449101045,1049.11613010725,1294.78820670187,2077.53076429309
"239",24,"Bagging",0.726025712895666,0.53356002551119,942.192076403835,1011.02654834955,1335.94423493981,2083.12316463621
"240",24,"ANN",-6.23532842958819,-13.7892214556712,4841.87607399157,5692.94953999352,-1236.835908863,3139.31972354466
"241",25,"Lasso",0.333041672736693,0.549369718424406,1456.61478965218,1037.8225031798,1024.16338500523,1823.55479293472
"242",25,"Ridge",0.299829072381551,0.518526014415117,1492.44179473134,1072.75194496648,1060.11950863817,1883.76950227769
"243",25,"Log-Linear",-0.639776611370421,0.569555611728525,2283.95587567546,1014.31167025868,631.282050662544,1358.29853518592
"244",25,"OLS",0.471202308512176,0.664055504111411,1297.00049207037,896.079748227217,1180.01582174003,1861.27355422203
"245",25,"Quadratic_all",0.586069624796785,0.241503041268637,1147.51669878819,1346.44872400005,822.632216916773,1860.95183784362
"246",25,"Quadratic_correlated",0.517177371116704,0.554592599739744,1239.33630987553,1031.79070552663,1005.64439186998,1801.05394780164
"247",25,"Stepwise",0.442499414165916,0.632349881294306,1331.73566180267,937.411446893853,1107.8948059569,1826.9789355055
"248",25,"RandomForest",0.7249209510872,0.582761635752232,935.457632154654,998.630932718485,970.218127827871,1740.40192853178
"249",25,"Bagging",0.738839321849825,0.571055038813893,911.48444047102,1012.54348228389,955.779088612534,1736.56440538681
"250",25,"ANN",-6.4274642914287,-16.5432035183816,4860.88841720229,6475.41113928246,-1106.84170216758,3887.72973493408
"251",26,"Lasso",0.365536567078035,0.488905352396186,1404.21804970674,1145.56365260794,999.191929596326,1870.11040920388
"252",26,"Ridge",0.315003995017435,0.396429490163961,1459.06712434494,1244.89454868537,1036.044412904,1974.42681262635
"253",26,"Log-Linear",-0.18949125103883,0.425761354073165,1922.70156047129,1214.26860808035,544.971587501087,1463.53605365689
"254",26,"OLS",0.483141590235417,0.539383559241031,1267.40975730671,1087.52256444417,1134.25259840939,1941.30770678717
"255",26,"Quadratic_all",0.568013897118239,0.482894237194509,1158.68701653353,1152.28059434912,1333.95933655879,2136.87548407196
"256",26,"Quadratic_correlated",0.519082572141349,0.505505218735145,1222.54966386372,1126.80668633524,1169.63056357399,1997.67421557708
"257",26,"Stepwise",0.467488996340217,0.518426195529373,1286.45780418876,1111.98770831739,1095.22756041443,1927.2686761813
"258",26,"RandomForest",0.703708344676799,0.598053300661239,959.601598851618,1015.90428572292,1190.31613591743,1933.81925323967
"259",26,"Bagging",0.720827985199616,0.523785314649577,931.466399195756,1105.78310723157,1215.51759810779,2017.79024621255
"260",26,"ANN",-6.69811764165806,-16.5652686469776,4891.29126224872,6715.77221389031,-473.472460529892,4664.45028235414
"261",27,"Lasso",0.406798527114378,0.323381604377588,1314.0500717495,1533.47815173272,931.999640019939,2081.08357077832
"262",27,"Ridge",0.351636450017283,0.25752928698185,1373.78920577391,1606.36915349326,932.616760178479,2145.00796037595
"263",27,"Log-Linear",-0.367626551649646,0.321831445943037,1995.23734913485,1535.23377509279,857.903093876223,1991.08706776846
"264",27,"OLS",0.497788746629738,0.478570412240542,1209.07717868993,1346.18122027228,1052.21194277136,2062.10650617731
"265",27,"Quadratic_all",0.604703866706222,0.257905796447869,1072.68470205704,1605.96180416838,1107.37822834217,2340.96274380475
"266",27,"Quadratic_correlated",0.577467689189773,0.286089606990154,1109.02354465169,1575.17040840233,1076.57315883088,2282.61468924439
"267",27,"Stepwise",0.48549147766478,0.415275947465468,1223.79053609811,1425.54578931197,990.806632359078,2057.49311258022
"268",27,"RandomForest",0.750345798078382,0.385598709054925,852.472237031414,1461.27431932193,994.462014520799,2093.11373373609
"269",27,"Bagging",0.768877323894491,0.393605287795254,820.22326332121,1451.72178824596,1032.3091584785,2129.62009979571
"270",27,"ANN",-6.59183059823289,-18.5905358535953,4700.93296641377,8251.42297252704,-4169.81134890242,1731.83894309977
"271",28,"Lasso",0.482351588635461,0.0773577761603521,1218.95462467188,1825.1409984783,866.277964890461,2247.85035505746
"272",28,"Ridge",0.405464400386694,0.0925701650714285,1306.3484335756,1810.03213364653,873.45129011747,2243.35016083247
"273",28,"Log-Linear",-0.0949043314942311,-0.351138561727705,1772.79363417965,2208.66425413235,531.460469776421,2181.14116165946
"274",28,"OLS",0.57483886466813,0.221838991929569,1104.70641433231,1676.15621103221,871.094019247818,2124.75393014299
"275",28,"Quadratic_all",0.633140488885403,0.303558852519923,1026.1715929963,1585.70344293281,881.090216498871,2056.42546865309
"276",28,"Quadratic_correlated",0.597487679288008,0.294302291439726,1074.87926666768,1596.20663446116,986.01226957741,2192.47655874621
"277",28,"Stepwise",0.570414311972059,0.205851812337718,1110.43974747354,1693.28683765385,882.521132131269,2153.57110509797
"278",28,"RandomForest",0.777855692874034,0.268376924365929,798.523479831632,1625.26227710818,781.346424136427,1965.29922769369
"279",28,"Bagging",0.79406332359943,0.301140358183812,768.841728370903,1588.45435100632,838.886322646335,2005.51095465883
"280",28,"ANN",-7.47233763616696,-7.67825356759323,4931.41695518428,5597.52350200421,-1266.67613213445,2973.55371318117
"281",29,"Lasso",0.37497045471947,0.358230309664769,1277.81660017449,1589.76860393752,1573.72350395103,2785.22715779335
"282",29,"Ridge",0.305919434847239,0.229811471861035,1346.55220139127,1741.57762951975,1305.21478523547,2597.93882399173
"283",29,"Log-Linear",0.225849243997505,-3.37828694000174,1422.10290435277,4152.37363675595,857.121375818495,4059.81559986692
"284",29,"OLS",0.531049423071873,0.274102220559723,1106.83221106782,1690.76032697805,1826.26053401565,3129.73278408073
"285",29,"Quadratic_all",0.616550137100103,-0.256205103432998,1000.8581861475,2224.20386713457,1411.66520687379,3122.91406095233
"286",29,"Quadratic_correlated",0.546417032297307,0.0901639076072961,1088.54558664486,1892.89225928363,1466.0193983979,2914.7831988584
"287",29,"Stepwise",0.513144981206948,0.213485228214855,1127.7636126051,1759.93957268214,1774.53826929356,3131.8363090859
"288",29,"RandomForest",0.716136623048224,0.397823214841736,861.13835832373,1539.94893284613,1515.87281767054,2676.24761448998
"289",29,"Bagging",0.738433298671928,0.376176776496625,826.626797299619,1567.38282672961,1490.43524973798,2669.7502754355
"290",29,"ANN",-7.10579546791068,-118.134672424346,4601.6763780863,21660.2468779989,-1145.86309248033,15181.1940193029
"291",30,"Lasso",0.380131394283695,0.436508417612324,1287.05904559111,1541.20940272542,1443.94851415544,2631.90296081003
"292",30,"Ridge",0.278968301919075,0.383170109919299,1388.11622137578,1612.50339888615,1182.57443511028,2404.43474300962
"293",30,"Log-Linear",0.189992662925272,-23.856162881878,1471.27253185553,10236.1107619111,68.3912111453083,7832.82744252402
"294",30,"OLS",0.575167680489096,0.105008191924059,1065.50974211334,1942.34988238016,1307.00186295459,2804.87162175783
"295",30,"Quadratic_all",0.606587830729436,0.0502079274964849,1025.35096709299,2000.93141933377,1061.3993770274,2590.78160698616
"296",30,"Quadratic_correlated",0.558663552151465,0.000876521735632019,1086.00930955067,2052.2370117919,995.765210331297,2559.69533696088
"297",30,"Stepwise",0.575064131629419,0.101754677905811,1065.63958816249,1945.87713801042,1315.08211993695,2815.80126757956
"298",30,"RandomForest",0.715324179860346,0.553774355970754,872.215782408049,1371.49805497624,1550.99001459573,2608.78858949853
"299",30,"Bagging",0.72975761829461,0.563690250857426,849.816933142653,1356.17393166845,1563.56983685792,2609.59163830642
"300",30,"ANN",-7.92138153509632,-25.2639257769256,4882.7524547439,10521.9868504929,-3330.57622971028,4712.67584989801
"301",31,"Lasso",0.416894188029545,0.308372030286677,1328.62419255306,1436.08516346552,1068.04070761865,2157.90383741569
"302",31,"Ridge",0.344748480496473,0.265261195829876,1408.42099187109,1480.16595193629,1065.30842432126,2187.81569258889
"303",31,"Log-Linear",-0.447743133351324,-0.12673275112994,2093.50608675332,1832.96587902035,577.58875466067,1990.28041722698
"304",31,"OLS",0.536546740396685,0.336200767291367,1184.49011725124,1406.89697049068,917.544095482969,1999.83914211225
"305",31,"Quadratic_all",0.612105721759339,0.331957026922428,1083.64032476383,1411.38702790167,936.210161756563,2020.76073776215
"306",31,"Quadratic_correlated",0.572642916364007,0.334822694492904,1137.4280248322,1408.35659949725,927.604807232357,2010.41983454215
"307",31,"Stepwise",0.508658934986126,0.280696261463371,1219.60726429521,1464.53609636325,994.852140876984,2114.1005939401
"308",31,"RandomForest",0.755443279593654,0.402177739305681,860.43540413491,1335.14970055589,1024.9088832395,2045.46385258511
"309",31,"Bagging",0.766993752121344,0.428372728948027,839.87035901337,1305.5706891292,1022.44670681006,2021.33835212188
"310",31,"ANN",-6.53622893008393,-45.1601734642105,4776.45304072026,11732.1508252708,-1230.64581621176,7701.74181759205
"311",32,"Lasso",0.356201729574097,0.526007116018728,1427.4515798392,1098.51565774866,1024.09787075096,1862.0416880419
"312",32,"Ridge",0.307874722598214,0.452199395392956,1480.05835227896,1180.95022792388,1030.34929837755,1936.31726968349
"313",32,"Log-Linear",-0.206329897085632,0.240689342284618,1953.9773646363,1390.36903989466,574.508352703787,1563.78654734254
"314",32,"OLS",0.491784991292202,0.545091036766895,1268.26563830514,1076.17422859261,1117.49190041888,1945.57947909833
"315",32,"Quadratic_all",0.586552334000352,0.308424959856029,1143.92290245703,1326.90550540247,1056.42402691563,2079.47055479576
"316",32,"Quadratic_correlated",0.532370097143577,0.484099853758307,1216.57144909492,1146.04894626951,865.311417959184,1715.07598820084
"317",32,"Stepwise",0.476039256683783,0.508718347203029,1287.76274733316,1118.37026962824,1111.86245740062,1973.09254376081
"318",32,"RandomForest",0.721688185737727,0.657492447493583,938.538956801165,933.803326933828,1082.34315395483,1790.65011784238
"319",32,"Bagging",0.741197165427032,0.657751371800885,905.046716570147,933.450298087707,1085.94153308925,1794.49538050817
"320",32,"ANN",-6.64279487017217,-35.8907965950921,4918.27246688167,9691.24018836743,-2049.28055224316,5425.47324930446
"321",33,"Lasso",0.389003192374828,0.296033143400898,1266.84421192965,1768.58975093795,981.187536847654,2309.3609328118
"322",33,"Ridge",0.32907543124907,0.238529580855708,1327.51852074769,1839.40564972553,925.444948983397,2304.16613221043
"323",33,"Log-Linear",-0.00805473146155733,-0.0407908566795681,1627.21821530837,2150.46674888359,237.706762199693,1663.93105931001
"324",33,"OLS",0.534264121434319,0.344461194179263,1106.04701696862,1706.67253839803,947.724504495783,2213.63808388817
"325",33,"Quadratic_all",0.656057743217304,0.184238389658508,950.487717712844,1903.84956638658,789.190735602606,2193.29394211086
"326",33,"Quadratic_correlated",0.5949313620824,0.255574884809575,1031.49719371304,1818.70183928519,990.216680306156,2363.36344169909
"327",33,"Stepwise",0.528620609994077,0.321817085746125,1112.72804993579,1735.89886707146,938.428539308435,2228.35076813903
"328",33,"RandomForest",0.726958820955166,0.520003990502309,846.87208227396,1460.3932300569,1089.26793826119,2168.09258704111
"329",33,"Bagging",0.741810615895794,0.504976465612961,823.517688176378,1483.0777551684,1065.47574944145,2158.69521297542
"330",33,"ANN",-8.32106975661376,-10.2039665772393,4948.07894491138,7055.64789942183,-3013.34435948154,2069.68470147712
"331",34,"Lasso",0.365178255471697,0.403195047664275,1458.18733497084,1033.86021254338,1365.30085243633,2133.72718967192
"332",34,"Ridge",0.3315197715099,0.361020651627635,1496.34490126034,1069.76657457888,1322.9925966369,2125.11555470919
"333",34,"Log-Linear",-0.354540912985842,0.378209195066648,2130.01905355889,1055.28012955658,841.031483179851,1634.46921632722
"334",34,"OLS",0.512770319204701,0.415281576121613,1277.48053951115,1023.33776629661,1302.97402842618,2074.57945170984
"335",34,"Quadratic_all",0.593357313615369,0.181655309674245,1167.06194398092,1210.63645514907,1134.97783143334,2063.68118452698
"336",34,"Quadratic_correlated",0.541635105910188,0.390464214190009,1239.06217292462,1044.82899698097,1297.03415953004,2085.20534246574
"337",34,"Stepwise",0.502721387465117,0.353538332016343,1290.5870865247,1076.0117211155,1276.95871457366,2090.83837691023
"338",34,"RandomForest",0.731635990599375,0.530476155095695,948.089988500084,917.010776482413,1102.90705716738,1810.09619073085
"339",34,"Bagging",0.747882754190225,0.531757239618935,918.943270705497,915.758901042003,1078.01166333631,1783.59509439618
"340",34,"ANN",-5.97314398547657,-60.9110019962302,4832.83247664818,10530.0280823668,-928.678938326087,7097.6648793047
"341",35,"Lasso",0.447805252478112,0.153479117222703,1340.29491786559,1332.50205032557,1174.11055233227,2182.87311717748
"342",35,"Ridge",0.347995020360137,0.348725252927029,1456.39671772829,1168.77568306717,1185.97330194725,2054.4475431905
"343",35,"Log-Linear",0.129018962057873,-64.7633991585977,1683.28861180617,11744.6796198129,124.141154275027,8957.03552124346
"344",35,"OLS",0.609147552835427,-0.581277646292451,1127.61450279991,1821.18101216736,1290.35332777323,2694.33239353446
"345",35,"Quadratic_all",0.641879091286122,-0.57526519830315,1079.36684603056,1817.7154017909,1184.18892643432,2585.72130132792
"346",35,"Quadratic_correlated",0.588985818472809,-0.897516265567374,1156.33225104565,1994.99495400879,1200.01370628334,2738.54274750625
"347",35,"Stepwise",0.601787108231204,-0.592000132036121,1138.18247169381,1827.34520338112,1283.71979632586,2692.55635522138
"348",35,"RandomForest",0.758964041574262,0.332742501855822,885.513432623202,1183.03005823215,1290.5947085323,2190.87197954681
"349",35,"Bagging",0.768874411555542,0.337743250324851,867.118096902953,1178.58862302571,1320.42648015027,2220.74961200422
"350",35,"ANN",-6.25416139415189,-25.4441999622299,4857.89185070018,7447.56434533996,379.579839215005,6039.1167851897
"351",36,"Lasso",0.388276858557272,0.23116020557534,1301.19637121942,1698.99027133188,971.43941918322,2203.30313162978
"352",36,"Ridge",0.336488168492859,0.1854924597621,1355.15734743668,1748.72097673759,955.018713786216,2228.84154258845
"353",36,"Log-Linear",-0.103623322698214,-0.0586170344494166,1747.73596504031,1993.62010219195,533.075151133744,1880.77200682182
"354",36,"OLS",0.543865980921542,0.311989614185318,1123.5997146442,1607.20199253248,1093.17700006337,2275.65856065885
"355",36,"Quadratic_all",0.66460763643139,0.0336407875928875,963.478379300892,1904.76876464802,957.211699003797,2374.66745774679
"356",36,"Quadratic_correlated",0.596552345930448,0.241465548920431,1056.71770907527,1687.56543011854,955.805834128249,2171.43593691021
"357",36,"Stepwise",0.522657669255857,0.311969573263997,1149.42427015852,1607.22540029985,1094.38459859033,2277.22073851156
"358",36,"RandomForest",0.780273212161735,0.312115796240619,779.842485728189,1607.05460424141,901.446368283846,2013.71446565422
"359",36,"Bagging",0.794355019959952,0.289746048635466,754.439545264609,1632.97597151959,894.49811989685,2030.90082796163
"360",36,"ANN",-7.87281107363826,-11.3415643692885,4955.59727580093,6807.03637596866,-3609.68815995805,878.326775164882
"361",37,"Lasso",0.404202759448628,0.398306112463817,1366.70346221721,1238.19433352111,1209.70064142353,2130.0073341355
"362",37,"Ridge",0.339799287374106,0.344258968329549,1438.67615406566,1292.6090497911,1174.55644285897,2140.78729363091
"363",37,"Log-Linear",-0.137160608920904,0.232142866929036,1888.14765947069,1398.75362123317,717.683601712697,1794.67555821025
"364",37,"OLS",0.506213486130274,0.475843395187063,1244.21279489872,1155.6638905542,1255.6968542206,2107.05510587997
"365",37,"Quadratic_all",0.583552436257914,0.279108195775336,1142.62892495744,1355.30192883369,1098.6287838164,2122.76938762094
"366",37,"Quadratic_correlated",0.531712607107688,0.494797358329531,1211.66143102076,1134.57659089097,1264.8595176356,2099.03341048489
"367",37,"Stepwise",0.48582659126447,0.415630793719864,1269.63783903585,1220.23836005139,1164.05044091349,2079.60418990457
"368",37,"RandomForest",0.704892262042466,0.602508232905128,961.867718440795,1006.38714641154,1471.85236688303,2156.17302703858
"369",37,"Bagging",0.727110533396622,0.590937725516932,924.950384164026,1020.92943823689,1453.32608591626,2154.40329092663
"370",37,"ANN",-6.51894739254219,-23.4333120478851,4855.16030747295,7890.27578487811,856.541109624122,6650.4852495379
"371",38,"Lasso",0.364374815939949,0.391641326277663,1389.63062958674,1329.29028924253,1261.60968673794,2230.47121922005
"372",38,"Ridge",0.326239099013195,0.305918812864066,1430.7103946067,1419.85866610299,1246.40748764396,2284.03727762429
"373",38,"Log-Linear",-0.00626494380317322,0.339729745414601,1748.45718292918,1384.84397611258,735.538997175427,1803.20889956216
"374",38,"OLS",0.489027736973287,0.511659453792152,1245.94104520414,1190.97150912043,1236.29024587124,2111.27113297014
"375",38,"Quadratic_all",0.58060739213792,0.391690297526963,1128.77976573773,1329.23678600583,1057.76137620768,2064.70497823775
"376",38,"Quadratic_correlated",0.53067396077197,0.458378546687496,1194.08750885904,1254.26097255424,1308.68768505392,2211.93854331596
"377",38,"Stepwise",0.475958033918951,0.523231612938632,1261.77484135147,1176.7757370588,1225.23820820328,2092.37369588345
"378",38,"RandomForest",0.695864493497598,0.659009187719358,961.241234666084,995.202179957415,1355.96849014558,2059.91010336517
"379",38,"Bagging",0.707224299744597,0.652886479670573,943.1186743374,1004.097174489,1357.2289592822,2067.21528447078
"380",38,"ANN",-6.50656457700893,-15.3750075935641,4775.50652262966,6896.53167103411,-1247.19612887367,4071.64690612094
"381",39,"Lasso",0.405119294812968,0.34326874383755,1285.83324949931,1625.58534342763,879.105669096952,2111.05209136438
"382",39,"Ridge",0.348951024062001,0.283905461585604,1345.16803996417,1697.46611050792,870.252551498845,2161.37857374455
"383",39,"Log-Linear",-0.589214866594591,0.281003193595316,2101.65303738509,1700.90247240842,601.126822458422,1834.50695318242
"384",39,"OLS",0.506915630768949,0.489526754222691,1170.65878363005,1433.18556209581,1022.29121387559,2113.44455974647
"385",39,"Quadratic_all",0.655185781710347,0.164161719410908,978.954017449652,1833.90595405627,982.94481863335,2394.98693919272
"386",39,"Quadratic_correlated",0.568321954766989,0.376099395905656,1095.3418745872,1584.4321085854,1079.74730643429,2298.99576645396
"387",39,"Stepwise",0.486426851387434,0.423663763908388,1194.73301444124,1522.83866377646,898.949000062276,2046.51045552596
"388",39,"RandomForest",0.73584381980068,0.47929052158211,856.840721417627,1447.48367153422,1139.07999157512,2252.79518081896
"389",39,"Bagging",0.752029271188826,0.475323612349194,830.175513510911,1452.98687623101,1161.49706666386,2280.6580001687
"390",39,"ANN",-7.96180545393797,-8.18300284717603,4990.76896963367,6078.66614071977,-3654.38485738995,152.351985554589
"391",40,"Lasso",0.400974732219004,-0.629163073422114,1435.4389658556,1140.04378309744,1500.41439558197,2065.31444002838
"392",40,"Ridge",0.352863069276662,-0.671291878969625,1491.97055676274,1154.68999593056,1529.19397821785,2087.81761231985
"393",40,"Log-Linear",-0.28480197705309,0.684666648566426,2102.23014014,501.561514423129,787.637131680947,1170.71510477929
"394",40,"OLS",0.509092346925404,-0.347730253081547,1299.45744473502,1036.90923002308,1056.99107546632,1758.30350855828
"395",40,"Quadratic_all",0.607117484775296,-2.53929554719192,1162.50147070263,1680.34193769579,462.036969238424,1749.22644381861
"396",40,"Quadratic_correlated",0.570178396987993,-0.987033975116497,1215.92357818066,1259.04687137738,983.557779891601,1868.99988358536
"397",40,"Stepwise",0.492741007901467,-0.8514645627286,1320.92158650702,1215.33765443993,1094.02195212956,1911.93067448875
"398",40,"RandomForest",0.730138322481974,0.00557905080370513,963.457957612875,890.685503963951,1294.68142262946,1781.25553004244
"399",40,"Bagging",0.746611026002173,-0.019272713753711,933.589625048511,901.746469817239,1256.08219688014,1771.95637666472
"400",40,"ANN",-5.65620472932886,-139.093714472191,4784.92897749304,10571.7911997335,47.9711061999483,7857.00609334568
"401",41,"Lasso",0.398302351514437,0.150850353613098,1424.90495196558,1092.03402597995,1027.1045068935,1837.42576106886
"402",41,"Ridge",0.347649222563508,0.0790824005102232,1483.67005304209,1137.24605852209,1119.22174407795,1941.46092701128
"403",41,"Log-Linear",-0.0434809004132695,0.145675790605718,1876.45861604621,1095.35630038345,455.381334863425,1274.30666538908
"404",41,"OLS",0.511748384735181,0.317780088836149,1283.56711822134,978.827695871557,1017.878173352,1748.07266363485
"405",41,"Quadratic_all",0.589459565415707,0.299291234868392,1176.995242835,992.002642394186,817.000082232725,1580.52652050632
"406",41,"Quadratic_correlated",0.547868569119608,0.248636331878814,1235.1766928688,1027.23344176786,861.534366181885,1648.3639960582
"407",41,"Stepwise",0.505167961627037,0.262597232503843,1292.18782264034,1017.64531027551,994.678348032897,1757.14260397217
"408",41,"RandomForest",0.723572481038541,0.365936728402695,965.800390305562,943.648714337266,833.415243385816,1559.67738041493
"409",41,"Bagging",0.751998815713082,0.387233878041143,914.794649950626,927.665546388069,817.837659874021,1532.66124492915
"410",41,"ANN",-5.47408830949844,-391.08443039148,4673.97137403478,23465.7182786338,-8122.56244906528,9976.24882332791
"411",42,"Lasso",0.43546823598068,0.309667401004419,1326.75570319737,1372.91363355972,941.783291266519,1990.34763979923
"412",42,"Ridge",0.353153741739228,0.328455320402267,1420.192800764,1354.10232259922,969.835265460507,2006.01741437669
"413",42,"Log-Linear",0.229651599237967,-18.0064418442963,1549.85248619384,7203.84628348658,-179.019881119556,5332.07002064481
"414",42,"OLS",0.561145680553401,0.148853338361783,1169.78745686206,1524.46067824704,1219.04409092273,2389.45589629064
"415",42,"Quadratic_all",0.609378563678837,0.0086532291796827,1103.633330372,1645.23077556494,751.16924334067,2001.43908228509
"416",42,"Quadratic_correlated",0.569154536139618,0.231139018829861,1159.06431234008,1448.89841525792,1092.32121457863,2209.8695332272
"417",42,"Stepwise",0.553180257463061,0.148487515970356,1180.35582786088,1524.78824925573,1200.16140693187,2372.09090049547
"418",42,"RandomForest",0.722099400107368,0.52709402994225,930.875314954599,1136.32202612117,1231.78377759033,2108.19912065024
"419",42,"Bagging",0.738877026458125,0.508473950176352,902.338136827535,1158.47668124412,1247.6494290734,2140.76366255882
"420",42,"ANN",-6.70977666056837,-56.4277596541309,4903.06522178536,12522.0364525364,-4466.0212114507,5138.49525506522
"421",43,"Lasso",0.539596619435559,-0.28762285879114,1194.55667592204,1894.20881299215,1333.97192747428,2777.20688506214
"422",43,"Ridge",0.451855427074157,-0.0826352283924667,1303.42206033673,1736.89910442824,1242.8628514957,2577.59628127673
"423",43,"Log-Linear",0.418464958533512,-13.8664454591439,1342.53449225429,6436.31194788957,617.957984810134,5481.80871996826
"424",43,"OLS",0.658555840834852,-0.437712649047557,1028.72039912209,2001.56436642334,1601.57958098111,3079.27056175679
"425",43,"Quadratic_all",0.67751889944522,-0.630124234288679,999.745922392971,2131.29647102795,1692.12466850988,3243.01066769448
"426",43,"Quadratic_correlated",0.642961040616473,-0.18559314609158,1051.95051810935,1817.61272235584,1587.86109798205,2935.53146047924
"427",43,"Stepwise",0.650318938177812,-0.440336585391648,1041.05473538189,2003.39003838843,1614.17060737942,3090.52226271838
"428",43,"RandomForest",0.790169719772868,0.149985052183057,806.439122043314,1539.02897181807,1184.73357045446,2371.73728824671
"429",43,"Bagging",0.800470497196345,0.140151731230228,786.395587543225,1547.90543265212,1265.26239147457,2456.68605739875
"430",43,"ANN",-6.76339230088296,-15.0506202854486,4905.27403143159,6687.74067068291,-883.393559906294,4274.7328730409
"431",44,"Lasso",0.407880044271784,0.432958397518965,1380.07503597567,1151.59476863832,1405.41406210887,2288.28459097562
"432",44,"Ridge",0.326816033970117,0.393263740149411,1471.51513298572,1191.22060447211,1310.44721053767,2228.47547821319
"433",44,"Log-Linear",-0.100332277817613,-1.27974095216409,1881.30745969032,2309.05869248932,762.037202388611,2542.2774422333
"434",44,"OLS",0.545710084164405,0.0393857596071202,1208.82768927951,1498.87954179001,1255.63814865296,2408.53368243624
"435",44,"Quadratic_all",0.655221236939025,-0.829872677605993,1053.09634307917,2068.72450089223,1492.17818313699,3032.12637662782
"436",44,"Quadratic_correlated",0.539288319054439,0.366571400017406,1217.34159854551,1217.14145908497,1208.69738427524,2146.92610669051
"437",44,"Stepwise",0.540123226430399,-0.0851355492851902,1216.23805764579,1593.06764549319,1205.4666606668,2431.88515702091
"438",44,"RandomForest",0.757834334153449,0.303781398415674,882.580109398307,1276.04218781227,1346.38196160886,2326.53323861411
"439",44,"Bagging",0.771652041846666,0.196170000027517,857.030775214262,1371.11640485263,1338.79770989771,2390.49161039948
"440",44,"ANN",-6.05751964125182,-20.3007139186746,4764.57205036118,7058.12428552624,-741.476420296272,4698.92925651756
"441",45,"Lasso",0.398696363697616,-0.833503211770349,1439.1001207447,1145.24825249007,1439.39010579493,2024.99112229584
"442",45,"Ridge",0.354310694703171,-0.734836686997713,1491.26866045663,1114.00745992476,1439.91868522992,1999.77583497157
"443",45,"Log-Linear",0.277750951249941,-105.466965834565,1577.20296119852,8727.02537939813,-360.885829455354,6184.481317663
"444",45,"OLS",0.570451058653939,-2.08104144474391,1216.32720650069,1484.59355344344,1196.95240458606,2159.78463394416
"445",45,"Quadratic_all",0.61034189507597,-2.42846503369982,1158.47309390759,1566.06095727243,1159.77842094064,2196.62970488864
"446",45,"Quadratic_correlated",0.574177039003535,-1.63232558994676,1211.04040266041,1372.23535053741,1167.8279419951,2059.67058317435
"447",45,"Stepwise",0.566135069145383,-2.16421655831678,1222.42259403443,1504.49898704511,1208.50096244367,2181.35579344689
"448",45,"RandomForest",0.734086148348396,-0.390629008310671,957.00581100684,997.388697557351,1168.80896115796,1782.75333110618
"449",45,"Bagging",0.747651333538744,-0.528783958614427,932.276209133656,1045.75959688357,1133.8149058577,1798.94287916393
"450",45,"ANN",-5.66683947432925,-113.631108255341,4791.85969665584,9055.45018544874,-3105.18804464612,3869.08757719136
"451",46,"Lasso",0.379218545763153,0.314096193824492,1461.89160348675,952.41678799448,1031.39371366494,1762.80996126327
"452",46,"Ridge",0.339705957818399,0.289118471197421,1507.6984697783,969.60322318419,1067.34714461103,1808.50646475046
"453",46,"Log-Linear",-0.114680255791154,0.0632216313793996,1958.93920945393,1113.04792018468,395.381339735505,1147.40446372306
"454",46,"OLS",0.501056147506886,0.5097862420878,1310.60446363962,805.171109307694,1022.47848591856,1643.23235858428
"455",46,"Quadratic_all",0.581850355551501,0.347155945923955,1199.80777144305,929.180660630033,932.079645463845,1648.63915482537
"456",46,"Quadratic_correlated",0.536836264606743,0.39138386316396,1262.7375016539,897.15434975951,896.900871295605,1586.99602384572
"457",46,"Stepwise",0.49577460959046,0.438284701928506,1317.52286270861,861.893412741295,984.630397685082,1649.38995026511
"458",46,"RandomForest",0.727225537634196,0.547706954807624,969.053286875307,773.402177441452,934.386182630613,1527.94997715672
"459",46,"Bagging",0.747003569181588,0.538892706474431,933.260751583066,780.901813546405,896.857932151267,1492.78653552983
"460",46,"ANN",-5.74698491321955,-28.1774450298103,4819.48545846764,6211.82289869521,-1542.18837852663,3235.85926727902
"461",47,"Lasso",0.346779212346355,0.435206847940973,1256.60002973576,1736.78652429749,909.147374398004,2212.81844143503
"462",47,"Ridge",0.275200297488537,0.338700765397625,1323.65885818366,1879.32001727626,845.664890943709,2260.74853129851
"463",47,"Log-Linear",0.0150838719196917,-0.0164004272397298,1543.00272031638,2329.88319574586,53.2225484947355,1629.3301003204
"464",47,"OLS",0.500867592719584,0.405194677640524,1098.43648903703,1782.33424926263,813.858349186759,2136.65222847304
"465",47,"Quadratic_all",0.614921130729665,0.277256540432036,964.810255373298,1964.68900493444,511.175903635629,1912.15206461432
"466",47,"Quadratic_correlated",0.507923602969737,0.479983476156726,1090.64480293939,1666.51912307115,786.726002612824,1994.63977831626
"467",47,"Stepwise",0.495397045865916,0.392771022597966,1104.4395784451,1800.85179751891,812.273182932882,2151.30499788
"468",47,"RandomForest",0.683569572872312,0.590428745687523,874.593380310632,1478.99417540761,1100.07512383282,2216.78658907837
"469",47,"Bagging",0.699735370618184,0.59792207348159,851.959902611675,1465.40222088434,1114.14202716025,2221.65548797987
"470",47,"ANN",-9.02483859344446,-11.1425900843848,4922.72711205489,8052.99439183455,-4332.92320870475,1262.76874248009
"471",48,"Lasso",0.358450588106399,0.395767240695895,1402.32994767245,1329.83823621391,1117.29102428173,2139.81443728911
"472",48,"Ridge",0.315990033914945,0.351405200215872,1447.99268509075,1377.79122134628,1097.8136551962,2157.37923803883
"473",48,"Log-Linear",-0.315267182304272,0.0435945944784867,2007.90030265823,1673.08379645896,524.105082099632,1726.23362763029
"474",48,"OLS",0.526003412853309,0.420739907025229,1205.37661187637,1302.06746414309,1082.24102188862,2079.62276500018
"475",48,"Quadratic_all",0.625752566370184,0.317871456960342,1071.06189466206,1412.95975923768,1041.78141685129,2125.46684736131
"476",48,"Quadratic_correlated",0.567939068343016,0.363526156609301,1150.82066569347,1364.85640580887,929.075086353681,1957.74601855474
"477",48,"Stepwise",0.506915471726843,0.443181624368649,1229.40745137118,1276.59594812848,1160.41883759332,2143.0538570299
"478",48,"RandomForest",0.750545901446812,0.453770817676393,874.440925234532,1264.39896437701,1063.96884782382,2028.45418518864
"479",48,"Bagging",0.762393126086547,0.458124753892139,853.423609961101,1259.34968585899,1009.27981042848,1961.59494725444
"480",48,"ANN",-6.71756493413643,-34.5757156849741,4863.79541841892,10204.0717798118,-3331.43773114303,4488.55754566342
"481",49,"Lasso",0.442826011015966,0.153515192950801,1132.73052904743,2098.48860349847,704.169284165624,2137.2433646286
"482",49,"Ridge",0.378399682824567,0.111045788202941,1196.42864528934,2150.48653248141,710.676592362708,2202.70235554556
"483",49,"Log-Linear",0.215533279120198,-0.206603983368101,1344.05936427139,2505.41347282069,147.680320602971,1715.56419246788
"484",49,"OLS",0.578388150711523,0.213207036873699,985.343356682741,2023.14618622627,697.20518213351,2041.81243546481
"485",49,"Quadratic_all",0.66785482852425,0.182075136950371,874.571177289868,2062.7839144177,713.601964513157,2112.26131949234
"486",49,"Quadratic_correlated",0.583776229893406,0.299203035558121,979.026907658086,1909.38337628535,860.960253814935,2167.07129811918
"487",49,"Stepwise",0.5612156782293,0.235730878755495,1005.20985908741,1993.97719827563,782.820780645153,2141.65256956275
"488",49,"RandomForest",0.75432499801441,0.375806233310009,752.162492366726,1802.00812512065,1075.99675110449,2364.39926360495
"489",49,"Bagging",0.771680820372202,0.377592206126724,725.107482099352,1799.42828283994,1096.96727560216,2390.4221292264
"490",49,"ANN",-9.7419953342576,-14.952227201241,4973.63222814742,9109.77591906513,-2431.75811657424,4516.75560754323
"491",50,"Lasso",0.440579837740398,-1.02769330233958,1395.42844575036,1209.65842768818,376.777519676446,1305.57014638718
"492",50,"Ridge",0.38447745916552,-0.649746015941361,1463.72838620092,1091.11409571182,667.368797946081,1503.07239389144
"493",50,"Log-Linear",-0.135396888504955,-0.047340553391602,1987.9816174782,869.371866769643,290.109328512943,900.032444645073
"494",50,"OLS",0.511696729700101,-0.08823569331099,1303.71700661423,886.182369121774,583.433189208061,1266.5331270483
"495",50,"Quadratic_all",0.585694659162752,-0.543271250745101,1200.87770037675,1055.31656486182,591.322029773444,1404.67165117343
"496",50,"Quadratic_correlated",0.530636300355271,-0.14289633327817,1278.18366665351,908.165588394334,909.692290731643,1574.58524856289
"497",50,"Stepwise",0.500921313146946,-0.258635421497443,1318.02311321132,953.041027731743,468.07510656326,1196.94083215065
"498",50,"RandomForest",0.726533195058735,0.0263321240946023,975.64275224284,838.237417302932,690.098553248844,1335.18552425066
"499",50,"Bagging",0.737266111792344,0.042787196213374,956.305295947043,831.124092515753,656.502497064232,1297.36614011623
"500",50,"ANN",-5.71749287656387,-71.8702026834742,4835.50817276811,7251.64626262487,745.662304913448,6016.97481005054
"501",51,"Lasso",0.397350897858222,0.277386975955613,1326.13711252206,1573.20670969042,1313.31332862049,2526.70428238051
"502",51,"Ridge",0.346748065654869,0.228501208851871,1380.69109692755,1625.55071159657,1223.56219198157,2476.64668587052
"503",51,"Log-Linear",-0.405551943305501,-0.451410608375291,2025.25457630975,2229.60558762732,770.063101476255,2475.92535169166
"504",51,"OLS",0.534793219680894,0.382665480404815,1165.14289218871,1454.09633113567,1291.68439490378,2412.49430163968
"505",51,"Quadratic_all",0.616257739780959,0.327752212524762,1058.22005243556,1517.39129529635,1333.97263963589,2504.31645700657
"506",51,"Quadratic_correlated",0.578319648911144,0.331805917149234,1109.29704121644,1512.80938582641,1401.23789329266,2566.53117607207
"507",51,"Stepwise",0.499189042600775,0.39022446455649,1208.90753192731,1445.16653308926,1315.831217052,2430.23009964093
"508",51,"RandomForest",0.764302600275292,0.354592218695959,829.341824586642,1486.79124866991,1152.77333473558,2290.76071701247
"509",51,"Bagging",0.776190604668976,0.315366947274881,808.156237343728,1531.30545167251,1180.58682257142,2356.98519040041
"510",51,"ANN",-6.82194354757161,-10.5201101378354,4777.640975977,6281.46888957653,-4037.40104224432,-374.502756843167
"511",52,"Lasso",0.375002550377611,0.454397559939472,1331.55123053114,1443.1903488341,1106.28593076235,2215.99274371602
"512",52,"Ridge",0.317071477902738,0.345544909008413,1391.89470680743,1580.61241631728,1071.62148193769,2286.5489297219
"513",52,"Log-Linear",-0.179061019456801,0.384316109663067,1828.88710771821,1533.0783798201,506.188233999356,1629.2598328854
"514",52,"OLS",0.469043782535981,0.583273257089563,1227.29259274997,1261.27895611603,1041.01541871726,2013.7369915717
"515",52,"Quadratic_all",0.546961180885466,0.61063753195466,1133.66950880195,1219.16505791734,1342.53416066527,2262.13911471914
"516",52,"Quadratic_correlated",0.504677867632494,0.565059092840104,1185.39372698005,1288.54797251598,1110.52105409224,2103.34585575885
"517",52,"Stepwise",0.45353462152708,0.55996319961343,1245.08810426297,1296.07449100957,1070.39228318182,2069.92551789432
"518",52,"RandomForest",0.698715032600321,0.548506799505577,924.501221394305,1312.83779507428,964.91928659684,1975.78006842287
"519",52,"Bagging",0.728169821117993,0.555163843639915,878.147750507931,1303.12328089562,953.994338523021,1956.59201894801
"520",52,"ANN",-6.60195443970688,-26.9893766047218,4643.88427808488,10336.7039224723,2035.79792723172,9340.99767674499
"521",53,"Lasso",0.403888789750985,0.42911625674108,1321.79413401364,1402.77630218264,924.2052123714,2004.83878015854
"522",53,"Ridge",0.335209051758151,0.338309570941069,1395.86277108382,1510.22623003979,911.108549185378,2075.53650597759
"523",53,"Log-Linear",-0.377170928672506,0.376025139503286,2009.0655134174,1466.55423651681,750.786963136974,1868.57972541935
"524",53,"OLS",0.503209970927495,0.463636816062297,1206.66470829131,1359.70302134696,868.428855291981,1911.22714341731
"525",53,"Quadratic_all",0.595395922007738,0.137382396805572,1088.96846527633,1724.34332702607,867.307876852294,2197.32276724592
"526",53,"Quadratic_correlated",0.563079970785319,0.352098467351131,1131.62140229319,1494.40766400129,888.243321032361,2039.61520326473
"527",53,"Stepwise",0.493846210941541,0.430859686161736,1217.98354723166,1400.63268576728,804.603072904396,1874.39993125186
"528",53,"RandomForest",0.756152991504426,0.27885707064705,845.39347534277,1576.61355953867,864.720443765218,2079.83856489455
"529",53,"Bagging",0.773715908353199,0.285480770625837,814.380164393441,1569.35625636074,849.245498381601,2058.10564549504
"530",53,"ANN",-6.46916104295718,-6.50277824973981,4678.8173030499,5085.40607922183,-2030.66554399515,1660.74321429899
"531",54,"Lasso",0.235427695690127,0.288719745301841,1251.4611223354,1915.79745142222,1225.40338686793,2505.25933386489
"532",54,"Ridge",0.188959892967626,0.148560228813078,1288.92974737733,2096.07192497571,1022.86173342696,2391.52960110948
"533",54,"Log-Linear",-0.149033795996659,-0.1542449700256,1534.17352046339,2440.49661789334,897.903405599329,2585.48256662878
"534",54,"OLS",0.40574416421685,0.390793534453532,1103.30302525172,1773.01114990183,1714.00242291831,3037.3320090357
"535",54,"Quadratic_all",0.5357134986772,0.147142878015188,975.21665558825,2097.81581454843,2029.20372373048,3647.24257618889
"536",54,"Quadratic_correlated",0.426585594392357,0.472789040593642,1083.78311611485,1649.38267935578,1871.71684371902,3118.53885780997
"537",54,"Stepwise",0.390259763889094,0.365717389319659,1117.58485721775,1809.13350723322,1647.82911959413,2987.75057925252
"538",54,"RandomForest",0.678359884004647,0.521495124702406,811.69558992568,1571.34807667718,1926.35203611406,3115.78883063528
"539",54,"Bagging",0.686953791514295,0.506132410461749,800.77831763554,1596.37338260544,1967.95522758938,3184.47402719655
"540",54,"ANN",-9.26062051260883,-11.8129711359547,4584.530793385,8131.19055134746,1367.9778531892,7514.2543419482
"541",55,"Lasso",0.453155682863613,0.142101508983755,1317.54829658361,1460.59223236797,980.650641407644,2091.1665081085
"542",55,"Ridge",0.377895074121232,0.194620166033857,1405.29180057379,1415.17911346742,994.734447463333,2069.15541578547
"543",55,"Log-Linear",0.300867830216848,-11.4841103651625,1489.75322863114,5571.72706938008,230.212242936516,4503.99503116592
"544",55,"OLS",0.580452931722271,-0.0968406868359635,1154.05109542259,1651.51609586125,1022.093031853,2292.31245863626
"545",55,"Quadratic_all",0.631429341482789,-2.30873881525632,1081.67071420476,2868.41693456509,373.293442211211,2572.91347393337
"546",55,"Quadratic_correlated",0.57073403098463,-0.410566314979523,1167.34149192268,1872.87067208256,1015.49963728661,2459.67698121988
"547",55,"Stepwise",0.572249546119642,-0.15549226927975,1165.27903175441,1695.09700607301,894.359933204094,2188.62535686824
"548",55,"RandomForest",0.740927880010649,0.467061182937391,906.869992464325,1151.19716526121,1026.90948308927,1877.72995015346
"549",55,"Bagging",0.754966108108855,0.455430410559548,881.957730487073,1163.6911388946,993.576524586754,1846.73650318266
"550",55,"ANN",-6.312347718472,-30.6377359351166,4817.95910837027,8869.79807738072,423.584303999778,7092.97802101041
"551",56,"Lasso",0.411219420378045,0.295844932301539,1305.62920405581,1591.56798847441,848.493721545818,2061.85247112458
"552",56,"Ridge",0.371097375530375,0.261437582554785,1349.38171501039,1629.9888855647,863.56632426096,2110.3288038225
"553",56,"Log-Linear",0.0958883164199577,0.0338667118840063,1617.90925049482,1864.27323229049,224.056934450191,1512.06041824664
"554",56,"OLS",0.5283461524388,0.378818083415622,1168.57020290086,1494.85973172813,880.281441995155,2017.29593707867
"555",56,"Quadratic_all",0.603615826027562,0.363131856464109,1071.27574141794,1513.61632738277,1016.93360175844,2181.98903268499
"556",56,"Quadratic_correlated",0.514765969421194,0.554307059333633,1185.27395941784,1266.21927009019,1239.75095829921,2216.115236609
"557",56,"Stepwise",0.520782828823311,0.386735156360707,1177.90238988436,1485.30305841321,893.137245864495,2023.92367481278
"558",56,"RandomForest",0.708025768828979,0.551831568494186,919.423032567841,1269.73085115135,1288.79292218908,2266.18549601114
"559",56,"Bagging",0.720313085575321,0.550458748103642,899.868793513191,1271.67407099293,1332.5973543641,2308.80508224224
"560",56,"ANN",-7.43259461495009,-20.4123208990078,4941.10097058128,8776.53143341874,-2694.71554237647,4027.96855507279
"561",57,"Lasso",0.45583576415127,0.180884237458264,1220.93703961073,1821.28062329783,637.059178570134,1928.22024172436
"562",57,"Ridge",0.386932727075824,0.141486276970992,1295.93237050042,1864.56636750739,673.611240773834,2020.68870947646
"563",57,"Log-Linear",-0.0453561652614176,-0.0966302099838547,1692.23399009621,2107.33862979944,251.918362795847,1664.80983236798
"564",57,"OLS",0.574236768233208,0.24277761559715,1079.97163334274,1751.12015769582,722.718332949804,1976.74724893185
"565",57,"Quadratic_all",0.640811426724132,0.233052481872332,991.949419544551,1762.32924699012,702.183481107759,1959.66075316198
"566",57,"Quadratic_correlated",0.579231934522115,0.332086957586107,1073.61768609567,1644.61477474808,790.533170853093,1964.63645004687
"567",57,"Stepwise",0.566731750310788,0.215437421858177,1089.44849653381,1782.4527252923,706.55318850065,1985.44246086057
"568",57,"RandomForest",0.796729704220318,0.145247101510308,746.217158700265,1860.47790439023,571.079890532599,1874.88217408745
"569",57,"Bagging",0.812189075801332,0.111526237933119,717.279958579238,1896.82178544919,544.526975956507,1874.38597559329
"570",57,"ANN",-7.32197684774878,-22.3314661511683,4774.64979660725,9720.20089360345,-1909.16133950614,5587.1681689673
"571",58,"Lasso",0.357912483166489,0.422111671274139,1371.6521526096,1403.53670907876,1166.86578032296,2243.32199278131
"572",58,"Ridge",0.31792368958608,0.363623871298656,1413.71986022184,1472.85079818923,1129.47141758614,2258.78833094208
"573",58,"Log-Linear",0.194397732818709,-9.60501368177488,1536.41032110426,6012.53241608714,353.795702732283,4950.34004489578
"574",58,"OLS",0.575479955804139,0.143860099921422,1115.31097664747,1708.33950158612,1247.1804654467,2564.25040102231
"575",58,"Quadratic_all",0.634365203977424,0.0191472871364777,1035.0721789812,1828.53683357985,1357.48598793792,2759.04709883573
"576",58,"Quadratic_correlated",0.56635267371705,0.317798022635564,1127.23694063571,1524.95946983795,1053.42171104157,2217.50016401857
"577",58,"Stepwise",0.566327451714848,0.0744545876320778,1127.26972160481,1776.23605159855,1202.10406291553,2571.91044036976
"578",58,"RandomForest",0.746537739670794,0.409197389663245,861.79412245967,1419.132731812,1164.73034183972,2253.61098529282
"579",58,"Bagging",0.765978084566671,0.3649372519445,828.085425258259,1471.33014651935,1131.86309163432,2260.15779475719
"580",58,"ANN",-7.46185426839699,-30.7319168724596,4979.4301758547,10400.3982187264,-5610.03417119172,1881.81175786405
"581",59,"Lasso",0.430675917449098,0.191456373036967,1373.17754481679,1243.18035014966,1140.38432072523,2087.6532815792
"582",59,"Ridge",0.379041923582137,0.142566001974917,1434.09544192831,1280.2145468296,1238.21567473137,2198.66240352706
"583",59,"Log-Linear",0.0496210287312598,-0.353176712577545,1774.17038077674,1608.27260920937,715.525797578739,1954.23114240151
"584",59,"OLS",0.575436195320491,-0.22955936313115,1185.8189838006,1533.05296176838,1209.32152773463,2358.22451070076
"585",59,"Quadratic_all",0.684474453620347,-2.00425772415116,1022.26661793636,2396.35414742835,759.743052389318,2597.39229882244
"586",59,"Quadratic_correlated",0.58844057198992,-0.0506596267549841,1167.51694610005,1417.1421972709,1211.88829856067,2276.19243201598
"587",59,"Stepwise",0.567648730465794,-0.319073721623039,1196.64487378871,1587.87730705503,1351.82082363034,2511.53228125734
"588",59,"RandomForest",0.794312102821939,-0.0763080468234889,825.374951117226,1434.33534827887,1111.09075608343,2202.38525655399
"589",59,"Bagging",0.812459013926792,-0.108397743393234,788.12483503541,1455.56037540245,1101.45539469499,2209.50220703284
"590",59,"ANN",-6.34119370715961,-188.121464907032,4930.94612231565,19013.0950555025,-7467.49994547664,7146.81578799203
"591",60,"Lasso",0.452219082847622,0.210470556277742,1281.06800387605,1577.43104762893,1028.51507587166,2232.89267255035
"592",60,"Ridge",0.38425870135587,0.174866275632697,1358.21298005254,1612.60643333253,984.262929382051,2212.27552297581
"593",60,"Log-Linear",-0.148486169825799,-0.037718478775058,1854.94748877099,1808.4478699067,819.733227700496,2188.14091812978
"594",60,"OLS",0.538738611016475,0.323737662978778,1175.55319489602,1459.90239047407,1208.11722002492,2332.28031214111
"595",60,"Quadratic_all",0.599102032102755,0.179206422304093,1095.93718404384,1608.35974214865,1394.13767790881,2628.78248730711
"596",60,"Quadratic_correlated",0.557197603439779,0.415138788183597,1151.79109446121,1357.66502140822,1404.87854030728,2450.5512143664
"597",60,"Stepwise",0.519791848580368,0.262234649949521,1199.4537286356,1524.84375808641,1149.65508395562,2322.22485556961
"598",60,"RandomForest",0.766967467906161,0.215975525488153,835.558789418503,1571.92213397046,891.695863903642,2069.30325734963
"599",60,"Bagging",0.787124272572388,0.165553688945168,798.604600016055,1621.68096370136,843.502091611494,2054.57845098233
"600",60,"ANN",-6.2784379361288,-3773.40268273679,4669.687589595,109066.238488046,2165.45533102794,80574.6333697492
"601",61,"Lasso",0.455536606212266,-0.16875364485726,1318.86618779677,1520.55975839039,1264.75497390704,2291.30509295088
"602",61,"Ridge",0.398325129178717,-0.22650410502888,1386.42802324798,1557.67376939079,1308.95700408358,2346.62659603863
"603",61,"Log-Linear",0.153280296708475,-0.402207858469422,1644.69822715058,1665.51367129421,697.388256047024,1962.7534925092
"604",61,"OLS",0.570920259061547,-0.395196066172075,1170.80723142623,1661.34422100892,1102.35183564567,2281.81057936588
"605",61,"Quadratic_all",0.684687264993004,-1.59494143868769,1003.66122722439,2265.71763127156,1150.89821784063,2751.77688523204
"606",61,"Quadratic_correlated",0.598752808915783,-0.428777830733314,1132.19802736743,1681.21925391722,1140.88781046985,2323.54348326215
"607",61,"Stepwise",0.56137890835425,-0.53488340239487,1183.75314818093,1742.5277317748,1154.86268512784,2377.55428383915
"608",61,"RandomForest",0.790269898928404,-0.328825660549819,818.552943142224,1621.34712796289,947.248808165933,2137.00051563733
"609",61,"Bagging",0.811531778729928,-0.409002205508866,775.953072616111,1669.54388800321,944.268715991734,2169.41947173144
"610",61,"ANN",-5.42757141562716,-15.2834589651399,4531.47769517959,5675.64646624457,-2129.59757054115,2177.00159716173
"611",62,"Lasso",0.350730886616454,0.426073854825247,1415.77775672611,1274.6283864582,1204.19356820357,2177.94754028949
"612",62,"Ridge",0.316656126405715,0.380813322885979,1452.45392911838,1323.93414500331,1176.83977791998,2189.7615584342
"613",62,"Log-Linear",-0.518165226072466,0.457326629444112,2164.92189621694,1239.43808504421,839.560050428068,1782.48206727585
"614",62,"OLS",0.485822222090106,0.571906414175614,1259.90954081836,1100.84187616808,1191.9667077869,2037.59350345896
"615",62,"Quadratic_all",0.567595188803511,0.519840827830246,1155.38831745941,1165.86481580131,1116.20958891278,2014.63121588121
"616",62,"Quadratic_correlated",0.523139711070815,0.539398977638278,1213.32820118238,1141.8735947338,1050.43544372064,1930.97761172789
"617",62,"Stepwise",0.467025827905412,0.555122020077334,1282.73160382769,1122.21491493876,1257.9506199857,2113.49886721612
"618",62,"RandomForest",0.703968671771853,0.657554657483314,955.986039102334,984.580461960738,1128.4576016179,1887.8615313279
"619",62,"Bagging",0.724513251959849,0.649883135090246,922.216884742817,995.54775398745,1147.21384356433,1915.00080087259
"620",62,"ANN",-6.3143867663636,-11.3135054451223,4751.94793538727,5904.00116905343,-1705.67338299418,2785.61319939343
"621",63,"Lasso",0.407841242384609,0.267866545219214,1341.73267688266,1484.36616186964,1135.66929610202,2269.89096825605
"622",63,"Ridge",0.354403473400589,0.237071324847609,1400.96572764783,1515.26254582272,1134.8676287483,2292.00276302304
"623",63,"Log-Linear",-0.132353975444359,-0.138849387940674,1855.40201152452,1851.30965312341,666.645650803891,2091.52613724719
"624",63,"OLS",0.543937929924236,0.311222255432422,1177.4945227229,1439.74464626403,1243.94056403336,2332.05275674385
"625",63,"Quadratic_all",0.634315900450092,0.163356431142557,1054.38679209495,1586.77795349322,1138.73295540623,2348.19309667422
"626",63,"Quadratic_correlated",0.587108974508393,0.211915337351617,1120.37817497019,1540.04126235413,1217.01611674583,2382.23302884713
"627",63,"Stepwise",0.533307156163335,0.246333993167573,1191.13912304531,1506.03610299187,1239.87232391004,2376.94421520405
"628",63,"RandomForest",0.78215056053276,-0.0889523489394746,813.813972290318,1810.29919086249,1496.48198806873,2800.27170397501
"629",63,"Bagging",0.802453458701311,-0.292741458186725,774.964187964532,1972.43071904198,1574.74836182435,2974.07298996037
"630",63,"ANN",-6.69568701696749,-16.441314349167,4836.93907181367,7244.95219310524,-695.355529232753,4874.29763514552
"631",64,"Lasso",0.456872124209714,-0.0467679996057704,1330.34740511205,1505.15498129508,1060.65074926934,2218.17241454281
"632",64,"Ridge",0.397931217452984,0.0400553756418344,1400.67402512076,1441.38199224899,1067.03877126246,2176.23697451809
"633",64,"Log-Linear",0.00375707487178634,0.29589328916396,1801.75877272683,1234.45494373676,820.245576770943,1754.80067134558
"634",64,"OLS",0.537004469521655,0.228472685948742,1228.29425191975,1292.20570589455,989.387975427826,1985.6966649419
"635",64,"Quadratic_all",0.605142846687119,0.102106274882952,1134.3159144526,1394.01828311071,1046.44490209022,2120.68641275565
"636",64,"Quadratic_correlated",0.567467057182343,0.244930454904369,1187.19925445342,1278.34912465931,1153.61418733831,2135.22699875867
"637",64,"Stepwise",0.518108490401525,0.134259442823101,1253.10844690472,1368.83116073039,911.205592267523,1964.93695827889
"638",64,"RandomForest",0.750803411653678,0.246133176759263,901.1250576546,1277.33060180645,847.820715342417,1822.231020725
"639",64,"Bagging",0.768133003159821,0.248802120937553,869.227561917978,1275.06750527192,848.51735012002,1821.13989108523
"640",64,"ANN",-6.22206179452511,-14.4645073243161,4851.14907049825,5785.27550678885,-1970.95477525585,2373.13711995231
"641",65,"Lasso",0.469798317648255,0.0439091993790132,1282.18422486835,1633.80649793781,851.11359720398,2097.30724283242
"642",65,"Ridge",0.401498867130446,0.0832277509985334,1362.26741008902,1599.85925702915,901.609520905549,2125.59753970374
"643",65,"Log-Linear",0.260818687887664,-0.0227971292452041,1513.9285109732,1689.84083039592,362.162462306659,1520.06101642758
"644",65,"OLS",0.566001656349571,0.159008249013163,1160.04253747035,1532.31099283249,892.123075621711,2059.27714257314
"645",65,"Quadratic_all",0.641061459007694,0.168633659338522,1054.96955140272,1523.51687127996,1078.4918221626,2252.94152574041
"646",65,"Quadratic_correlated",0.577911063099758,0.303776364022662,1144.01538038426,1394.20113111051,1079.61967985025,2152.16077691222
"647",65,"Stepwise",0.563990662203373,0.128280068770641,1162.72704380851,1560.0536617757,895.673671270572,2086.27622206637
"648",65,"RandomForest",0.77144092237243,0.26490797781328,841.839144342018,1432.58996265555,785.822389843384,1846.69539870079
"649",65,"Bagging",0.792519360251598,0.270870101436338,802.081810927402,1426.7684683618,788.073583304761,1844.24656000159
"650",65,"ANN",-6.545259280106,-119.332601383977,4836.89837367138,18329.1658957827,-2356.31271721929,11602.464717815
"651",66,"Lasso",0.443663114428584,0.21059289050172,1291.59949033482,1567.07055733959,1279.57234549392,2488.16131437556
"652",66,"Ridge",0.385711984872946,0.219015223636574,1357.20346144831,1558.68845436042,1212.59963190016,2412.68774795124
"653",66,"Log-Linear",0.167684985625866,-0.125103451846531,1579.80251919247,1870.8297302739,842.587782761626,2259.38093322734
"654",66,"OLS",0.549414766669297,0.156690795430434,1162.3780891576,1619.68833577858,1293.72790541107,2542.98505643582
"655",66,"Quadratic_all",0.660960665152665,-0.632444247471721,1008.28656668734,2253.49818819931,1322.29853560569,3047.1104916829
"656",66,"Quadratic_correlated",0.552243077405365,0.31211182370784,1158.72423919659,1462.84043604014,1647.21572001075,2752.51868623188
"657",66,"Stepwise",0.537033757520763,0.17351935342443,1178.23955952237,1603.44614730026,1308.16816177144,2544.832453361
"658",66,"RandomForest",0.747386169411959,0.38883067756863,870.337106142012,1378.85566485187,1473.94265876738,2534.7655866876
"659",66,"Bagging",0.76219139856279,0.383113543385691,844.447621723272,1385.28984996986,1484.64299784632,2549.69137198811
"660",66,"ANN",-6.7895756905247,-13.2013355072867,4832.9893522233,6646.64721393197,-1638.75504921135,3428.24324020733
"661",67,"Lasso",0.331285013312747,0.42672297803671,1386.11565929285,1428.70662159425,1216.01757334823,2307.22594176908
"662",67,"Ridge",0.312529891217031,0.370035759750498,1405.41910058696,1497.67899533745,1128.5511177176,2265.67027836737
"663",67,"Log-Linear",-0.343623868241733,0.203019325708624,1964.79749944881,1684.55302303713,1164.33365233121,2458.53044792995
"664",67,"OLS",0.468765259846109,0.566313995158461,1235.44147150829,1242.64905518494,1455.42519106171,2413.68581111412
"665",67,"Quadratic_all",0.609972516492015,-0.62854884600443,1058.586977662,2408.02607179049,1411.44502998062,3246.95119237254
"666",67,"Quadratic_correlated",0.501330120032182,0.583323940035742,1196.97618657677,1218.03583229494,1324.08199216411,2254.17975193818
"667",67,"Stepwise",0.45469662315254,0.507131074088664,1251.69361037905,1324.72736941842,1453.52314496022,2475.30498842345
"668",67,"RandomForest",0.686858819435049,0.637007577804858,948.525550464103,1136.86676241283,1435.55289205065,2309.79027827619
"669",67,"Bagging",0.71572590415108,0.672912918465651,903.748491004399,1079.17651597449,1491.57096025393,2322.92734558115
"670",67,"ANN",-6.99476154239628,-309.360176219366,4792.71604530826,33242.5082382373,6189.83343846732,28848.7510508769
"671",68,"Lasso",0.379005349291215,0.57037698444828,1432.14252371469,908.448438280437,904.043116746719,1597.87377620701
"672",68,"Ridge",0.320736027832111,0.530891064798969,1497.82681322669,949.277889954266,986.561375363542,1718.49499093245
"673",68,"Log-Linear",-0.42221396808622,0.372277714445288,2167.32869218516,1098.09594239081,746.431520894543,1576.82703780019
"674",68,"OLS",0.490212474205434,0.57669285856891,1297.58827545908,901.746179031749,1179.54323254538,1866.03525839931
"675",68,"Quadratic_all",0.612638543505452,-0.194011625142047,1131.09872574007,1514.47040394707,614.859523365197,1774.41569445067
"676",68,"Quadratic_correlated",0.550172336389668,0.283147998922191,1218.8924605399,1173.46803508487,995.472472655146,1899.00603424538
"677",68,"Stepwise",0.478365438228671,0.565146349661681,1312.57911545668,913.961860636499,1181.73078684999,1876.9378511377
"678",68,"RandomForest",0.707045864375046,0.689889086116044,983.653467529378,771.818241228517,1309.05299581344,1880.3901737371
"679",68,"Bagging",0.726719659966496,0.686612416396022,950.05009405153,775.885089565416,1311.83206377613,1885.53825465007
"680",68,"ANN",-6.24199932371292,-27.0846549490201,4890.70593395746,7344.98747118263,-1041.46820601241,4615.06184554988
"681",69,"Lasso",0.427670883835178,0.350790699938431,1333.63918710315,1340.39923545894,1418.66901047888,2437.56584956009
"682",69,"Ridge",0.328075767152716,0.374712375730613,1445.02572948078,1315.47234305563,1301.02893315221,2312.38186429661
"683",69,"Log-Linear",0.245156152829291,-12.9943007602322,1531.59516842135,6223.25227938953,260.099048405107,5006.03588273079
"684",69,"OLS",0.584584900123911,0.00263758849590179,1136.2046628774,1661.37741933128,1361.70309160617,2623.2486788418
"685",69,"Quadratic_all",0.628216544956064,-0.0924756180695236,1074.88117641555,1738.7921936221,1268.16044742191,2597.3345528772
"686",69,"Quadratic_correlated",0.563412393694282,0.0720000563212256,1164.79937629344,1602.56546707577,1276.5211592572,2503.9414798041
"687",69,"Stepwise",0.569343800839841,0.0279334774769661,1156.85993206422,1640.17352880275,1360.66467073265,2606.79417849746
"688",69,"RandomForest",0.730606391647983,0.548437545639345,914.974670742723,1117.89423786792,1325.9145342064,2187.09452272733
"689",69,"Bagging",0.748783665307345,0.538463399205356,883.566752134835,1130.17287255413,1332.3710236118,2202.57464177006
"690",69,"ANN",-6.43515382269091,-15.012312253276,4806.84819487547,6656.8509112614,-803.068361701749,4331.24479648662
"691",70,"Lasso",0.513934706252425,-0.166690585811996,1217.59465628232,1821.34729892003,850.766470727681,2242.08304711467
"692",70,"Ridge",0.446482037135123,-0.126719560017773,1299.33544776702,1789.8755525579,938.569631599869,2296.44322853183
"693",70,"Log-Linear",0.228447385426232,0.399512836716586,1534.04535795971,1306.67259652371,675.995377064,1679.84634896195
"694",70,"OLS",0.561899885598311,0.0326511316589539,1155.9581478186,1658.46565899103,843.024054406268,2114.30269569742
"695",70,"Quadratic_all",0.621387259626442,0.0845425270560169,1074.61534834258,1613.37010857547,797.072914411322,2037.8643122566
"696",70,"Quadratic_correlated",0.59655120134623,0.0731554701947857,1109.3016027744,1623.37317315471,980.823877892828,2211.15382255072
"697",70,"Stepwise",0.559305421810166,-0.0114207172652185,1159.37593332136,1695.82425214237,830.961874806978,2131.03336612602
"698",70,"RandomForest",0.771198900624215,0.046674105406544,835.380783062164,1646.40097304569,875.667536877737,2135.0898284021
"699",70,"Bagging",0.788472029334545,0.0571242792307333,803.22890506194,1637.35234307992,900.071563734292,2150.37160348324
"700",70,"ANN",-6.03615008067486,-12.5301442671358,4632.58049569662,6202.4908596359,-2665.07842048754,1945.77400018738
"701",71,"Lasso",0.400392638075057,0.28910435629129,1291.27266308234,1647.31191321686,779.501271562452,1921.84279533819
"702",71,"Ridge",0.350871136285132,0.240663207005508,1343.53795247569,1702.51181554895,788.622039660896,1991.95851420989
"703",71,"Log-Linear",0.0951099058070367,0.0577877907162201,1586.2893032262,1896.47567462084,458.519023291536,1706.44056001499
"704",71,"OLS",0.501210608066226,0.427683259154331,1177.72280026013,1478.0568468677,876.279395790144,1883.69214384133
"705",71,"Quadratic_all",0.556819223388478,0.432276852195909,1110.1328031835,1472.11322338275,780.067252917416,1722.82454573312
"706",71,"Quadratic_correlated",0.481967279853012,0.599204511384358,1200.22612164988,1236.89924655387,1104.96647621526,1964.29982945961
"707",71,"Stepwise",0.496056430740189,0.399439533824273,1183.79208657744,1514.08857630449,826.711151593025,1847.88256989532
"708",71,"RandomForest",0.696882143415158,0.58834211853428,918.100532545464,1253.54846696438,1157.79149559722,2055.62747402232
"709",71,"Bagging",0.711633775254513,0.608459622752043,895.481616429817,1222.53468701614,1189.18126184577,2067.95171876614
"710",71,"ANN",-7.36557348297948,-4.16678544929406,4823.16742675859,4441.02406650716,-1642.07033496514,1318.56330075536
"711",72,"Lasso",0.42686721164184,0.300845291240699,1220.83250122062,1768.96771065539,1087.76041444086,2424.24122668052
"712",72,"Ridge",0.361309963493878,0.217444561558239,1288.76438514739,1871.50425659105,990.435443803703,2397.43865161952
"713",72,"Log-Linear",0.300241322396125,-1.40648699646634,1348.97096364933,3281.8975666192,476.579186246594,2991.08015400677
"714",72,"OLS",0.53611008691408,0.395559691243397,1098.33777345536,1644.78816210713,1226.00900698996,2478.7270141598
"715",72,"Quadratic_all",0.578411925189614,0.252548690898645,1047.06252004569,1829.04636923183,1249.45504032598,2654.81458607042
"716",72,"Quadratic_correlated",0.521157030953454,0.328503825907831,1115.8993195259,1733.62449050914,1154.07328468543,2471.12211609579
"717",72,"Stepwise",0.515379665870373,0.361998242096507,1122.61094375143,1689.83460663314,1218.97925439469,2508.18912356619
"718",72,"RandomForest",0.725876839909408,0.46610461198542,844.308808354587,1545.82863127439,1367.79914662522,2554.41082842284
"719",72,"Bagging",0.7448566673685,0.462482757085631,814.555287626229,1551.06308724642,1406.10160908867,2599.48101563494
"720",72,"ANN",-7.4715484372356,-17.805889642765,4693.64084377163,9174.45350082555,-4693.39139378551,1834.47548166153
"721",73,"Lasso",0.423972479930032,0.110017722849538,1381.27968950253,1271.19927350649,827.588137156306,1807.849809714
"722",73,"Ridge",0.36505732248259,0.160198678125118,1450.19789087277,1234.84154878931,952.882159943761,1899.50894273582
"723",73,"Log-Linear",-0.0206962238186947,0.186724696864084,1838.68893972382,1215.18317818412,513.346166875719,1416.52322553279
"724",73,"OLS",0.513297843505429,0.293725301694255,1269.6723001899,1132.42586694577,822.364277365334,1695.49954666126
"725",73,"Quadratic_all",0.580566554761069,0.315375235273,1178.66812379071,1114.93425590178,1206.98856150923,2028.87043600981
"726",73,"Quadratic_correlated",0.518532970292387,0.543754480970662,1262.82533413086,910.169468128166,1168.89936888149,1850.16373255575
"727",73,"Stepwise",0.503176740101808,0.123662505133526,1282.80596199831,1261.41692470812,751.0818736074,1723.18637097518
"728",73,"RandomForest",0.715487751819409,0.562902844970816,970.756916112986,890.865102295346,1012.92451493129,1698.18987531427
"729",73,"Bagging",0.73797533350596,0.59027204658643,931.603471229222,862.523137572342,998.040354602409,1662.5852275902
"730",73,"ANN",-5.94498631708676,-36.6626889154193,4796.18257436821,8269.48794417495,-1796.87905217066,4581.03341011676
"731",74,"Lasso",0.406210391887262,0.385138704017689,1333.20912182035,1406.37506144898,946.228910387067,2021.41022815329
"732",74,"Ridge",0.339614975616005,0.312733436022972,1405.98467880213,1486.87748921632,927.690904932728,2066.74712845805
"733",74,"Log-Linear",-0.087156198510048,0.31123076079077,1803.96436037379,1488.5020946698,457.800793665202,1467.95057829512
"734",74,"OLS",0.483058971008328,0.555850989966231,1243.94873143354,1195.30002290908,948.510694796293,1846.09499756093
"735",74,"Quadratic_all",0.577298943425286,0.471182245766397,1124.86044862206,1304.26425587471,898.010881766884,1880.36488739448
"736",74,"Quadratic_correlated",0.540568071272051,0.41645808052498,1172.71523419455,1370.08846013905,801.24739234453,1821.06317666612
"737",74,"Stepwise",0.457796936594623,0.482182895376023,1273.98103673644,1290.62708405393,955.18009647819,1935.416199896
"738",74,"RandomForest",0.713576947311677,0.527178355320884,925.946649667261,1233.27876366057,945.716158926692,1875.6463376544
"739",74,"Bagging",0.733170477571868,0.540028833344793,893.714737376898,1216.40412148345,960.152797302798,1878.16917614903
"740",74,"ANN",-6.27482039539562,-38.3509795341127,4666.5198541335,11250.9799903542,-584.538468483953,7953.35660599003
"741",75,"Lasso",0.34785038183548,0.407654775367517,1365.40781036274,1487.82002510967,1117.16743606975,2264.59999435448
"742",75,"Ridge",0.311356211961786,0.352552032008211,1403.09177158296,1555.4834333457,1086.87955844331,2286.45401942762
"743",75,"Log-Linear",-0.216823294793069,0.307718168873191,1865.1017011648,1608.4383550553,483.237940758912,1612.08520497426
"744",75,"OLS",0.485448579227778,0.525182470875396,1212.83899379642,1332.06778627542,1007.14478715474,2022.96850217443
"745",75,"Quadratic_all",0.559789227912218,0.49205953742752,1121.80944815546,1377.74663506264,891.502157056703,1927.77745712532
"746",75,"Quadratic_correlated",0.522191089801398,0.533381037753062,1168.73454976594,1320.51745333898,964.177261742552,1964.19578530505
"747",75,"Stepwise",0.464625293379111,0.514392169122446,1237.13668503365,1347.1184824612,1035.4912798666,2066.84816826069
"748",75,"RandomForest",0.702291523860699,0.61809686534164,922.538204696488,1194.64691372816,1166.29173510005,2085.17600014278
"749",75,"Bagging",0.722643057079042,0.637446431640952,890.447423234989,1163.98945500166,1202.39875196628,2098.83578461808
"750",75,"ANN",-6.71549759811636,-8055.91010254358,4696.46111398699,173519.070611858,-26266.2124140923,104431.720964791
"751",76,"Lasso",0.352919432964592,0.429226605981733,1392.27994057841,1352.86080224505,997.066541508152,2038.56431005492
"752",76,"Ridge",0.317589064663311,0.376250958069123,1429.78381351738,1414.25003816237,984.184746503716,2073.59078186752
"753",76,"Log-Linear",-0.283334497518899,0.128507859745041,1960.72786879693,1671.67939993066,276.382247813763,1429.33882385222
"754",76,"OLS",0.502697432595459,0.507617000096419,1220.55607886585,1256.5297581094,950.586464601718,1910.79759993914
"755",76,"Quadratic_all",0.605131656357248,0.412103184811094,1087.61088728768,1373.00401460555,904.751547109411,1955.51458557602
"756",76,"Quadratic_correlated",0.542762941297691,0.485656577182716,1170.35630338654,1284.24489689215,956.949274448476,1940.49665166336
"757",76,"Stepwise",0.481701825769093,0.505461697628033,1246.05504198799,1259.27685184882,970.505024268002,1935.02961759787
"758",76,"RandomForest",0.739850666351134,0.414999657502939,882.792726473786,1369.6175537653,817.183260170593,1853.48789620153
"759",76,"Bagging",0.758913153454228,0.398581884859704,849.834084628342,1388.70342289956,774.393740187736,1819.48760645493
"760",76,"ANN",-6.57462449180765,-14.7994561034471,4763.51943245601,7117.74330742122,-3589.63180340388,1508.19678711311
"761",77,"Lasso",0.295006252948211,0.529666071020737,1436.94027832408,1272.68766733077,1141.29332673273,2115.22517435688
"762",77,"Ridge",0.269709568358114,0.499159900247847,1462.49332042819,1313.31295363343,1153.79189795818,2161.82164364721
"763",77,"Log-Linear",0.272750622938393,-7.63247897886223,1459.44510731719,5452.38414093377,379.055984553525,4551.93436609724
"764",77,"OLS",0.511610141194134,0.324262094765076,1195.99511197792,1525.484579073,1277.81790248952,2452.91689830316
"765",77,"Quadratic_all",0.566037854617867,-0.610784659369597,1127.38437069652,2355.25222974601,468.642451280893,2255.40081028823
"766",77,"Quadratic_correlated",0.509058805576221,0.374643976026356,1199.1149660861,1467.51432761577,1257.06292283636,2388.65372717917
"767",77,"Stepwise",0.496745395361588,0.299164815044622,1214.05948028934,1553.55498826994,1140.52830995463,2338.23749357669
"768",77,"RandomForest",0.6705651741479,0.854517770062796,982.269909200997,707.821346251591,1570.61529290031,2114.90392641611
"769",77,"Bagging",0.687753394640567,0.859076472563188,956.301746127844,696.643250708349,1558.52444276957,2095.00340329661
"770",77,"ANN",-6.89603234734571,-8.6954570934155,4808.95314223123,5778.33645062691,-1118.06889470119,3306.67553899897
"771",78,"Lasso",0.368230940770058,0.279134425432096,1237.52286524405,1861.42671058591,1017.36757682826,2358.00605862077
"772",78,"Ridge",0.318566993578153,0.210201991552154,1285.24415792744,1948.39414437304,935.222546344593,2331.50779128322
"773",78,"Log-Linear",0.0930978909782234,0.123540334855022,1482.70332543951,2052.50756188984,732.160143987073,2150.13321629832
"774",78,"OLS",0.48964733982944,0.416343075383395,1112.26749895818,1674.93369621488,1318.72776844534,2571.56894288476
"775",78,"Quadratic_all",0.561505483058414,0.477800526277905,1030.99400335728,1584.29850884739,1530.75327095493,2741.1288718992
"776",78,"Quadratic_correlated",0.492225386385996,0.497244603531409,1109.45463242415,1554.52306070599,1487.72142863973,2667.67151261455
"777",78,"Stepwise",0.480741329931664,0.409867422017219,1121.93044682898,1684.19973120504,1316.23676564216,2576.70094856868
"778",78,"RandomForest",0.722924168762708,0.443947786039556,819.54608139184,1634.84500858905,1212.73253288637,2401.02892780608
"779",78,"Bagging",0.742931264242811,0.452748575251928,789.402843701733,1621.85584013601,1231.62684126065,2413.5581330987
"780",78,"ANN",-9.19333787806441,-32.8675243999149,4970.8683999759,12758.8204180651,-7589.34529715917,1288.91794945422
"781",79,"Lasso",0.338850219877912,0.54250027982698,1456.37008672888,1028.50189182831,1120.23410139033,1909.54992712853
"782",79,"Ridge",0.309953793383344,0.477595768788576,1487.85602365771,1099.03879132163,1074.3190048697,1919.48889271448
"783",79,"Log-Linear",-0.327136420001093,0.281980470495258,2063.38184464241,1288.48037132235,788.129766473235,1776.9332527939
"784",79,"OLS",0.468837165382506,0.682508727085145,1305.37611253051,856.792338840097,1281.90510334132,1925.95588485791
"785",79,"Quadratic_all",0.553152144902043,0.635498523589227,1197.29635404439,918.03518055956,1352.48003288474,2027.33385946599
"786",79,"Quadratic_correlated",0.502372690659773,0.68437459637941,1263.49615375457,854.270980961136,1283.90607114129,1925.79690433739
"787",79,"Stepwise",0.448675170621527,0.608207825768677,1329.92024454919,951.782152952211,1236.11010627993,1956.34140067998
"788",79,"RandomForest",0.707995841106671,0.641761271147137,967.868464403726,910.114316571437,1157.72162704897,1855.88368342929
"789",79,"Bagging",0.723817899014376,0.672961934603273,941.281635699152,869.578575220391,1234.81256217631,1895.06789854596
"790",79,"ANN",-6.33786455265012,-19.4006916206834,4851.84219040268,6868.02905897813,-1847.02627423209,3428.69899361558
"791",80,"Lasso",0.46466602662384,0.082700317328951,1302.50473962497,1520.82907309706,1247.45032093884,2418.00342484894
"792",80,"Ridge",0.394310191704176,0.14243802862315,1385.45378219361,1470.47464852303,1220.40694305561,2353.86089024038
"793",80,"Log-Linear",0.0454441338387811,-0.0253899253337337,1739.27231874658,1607.93803214828,726.886495251921,1926.75122299725
"794",80,"OLS",0.559118438828881,0.0178941505599528,1182.02830818282,1573.63473556328,1017.50191180724,2228.2598408177
"795",80,"Quadratic_all",0.676524914327253,-1.89398268434728,1012.48203923652,2701.29956514369,457.407035926605,2532.82321961601
"796",80,"Quadratic_correlated",0.550398928113718,0.324868136803582,1193.65982909315,1304.72530978889,1427.68480607702,2423.12121861391
"797",80,"Stepwise",0.548554451160318,0.143420545108941,1196.10580255772,1469.63203907333,1075.91643894262,2207.23961340035
"798",80,"RandomForest",0.73674481099357,0.46875373050689,913.388164324285,1157.37136000599,1461.45207304887,2344.55115058894
"799",80,"Bagging",0.753328706720318,0.458654310536958,884.150536870929,1168.32084678617,1450.84722869758,2343.14867318447
"800",80,"ANN",-6.11561537056308,-13.9468181959709,4748.6825931811,6139.02158773584,-587.95382633518,4147.04863409883
"801",81,"Lasso",0.46157737723213,0.160921152533324,1190.18731947467,1877.23101472078,914.056581046671,2276.53048259031
"802",81,"Ridge",0.388889753999042,0.109451849575426,1267.98306113857,1933.94908973348,845.116860382774,2239.03894319785
"803",81,"Log-Linear",-0.0199093028489477,-0.330554354144469,1638.07750285634,2363.91928987246,659.505583583562,2400.95071436453
"804",81,"OLS",0.552827935811299,0.303856723216225,1084.65344873676,1709.88007233536,1001.79217136697,2232.87682525878
"805",81,"Quadratic_all",0.612255107476982,0.361618199420916,1010.01241516393,1637.40677490647,1040.00953074291,2213.99705932928
"806",81,"Quadratic_correlated",0.545517770497178,0.427672166187199,1093.48321913347,1550.38217993418,1179.63265783086,2315.98542137253
"807",81,"Stepwise",0.534646220109136,0.231508708978528,1106.48439205373,1796.53552485679,933.2069882325,2224.47097590475
"808",81,"RandomForest",0.761103501896117,0.354422105105626,792.790725838153,1646.6096640996,1010.4385918295,2182.50575536776
"809",81,"Bagging",0.774370536354185,0.395417719025944,770.462622781678,1593.47055110285,1073.29855509844,2216.2675915544
"810",81,"ANN",-8.61235259301847,-21.6238707375301,5028.848077578,9747.64691863929,-1631.22144566161,5886.89003098349
"811",82,"Lasso",0.48222349280569,0.115944568137631,1198.45471803013,1888.6898928653,770.03134100768,2203.8640386444
"812",82,"Ridge",0.422264286258889,0.125083883236742,1265.94566576678,1878.90194564063,809.613870702531,2240.7898692595
"813",82,"Log-Linear",0.0707190730636228,0.175955339512738,1605.55050117611,1823.46017501071,580.182616949341,1915.38641590556
"814",82,"OLS",0.557473651121633,0.311581985487969,1107.94965340271,1666.66003284856,890.708894286401,2155.55629536609
"815",82,"Quadratic_all",0.638646177905386,0.0471457496417902,1001.19064977414,1960.80382557369,921.516155818001,2429.7652914321
"816",82,"Quadratic_correlated",0.585326481534421,0.338443648427382,1072.5155795555,1633.82045686274,1027.13552769365,2280.73595044335
"817",82,"Stepwise",0.549624047408463,0.283811317689088,1117.73295444107,1699.94407701509,912.636189660599,2208.36375425242
"818",82,"RandomForest",0.790401141169461,0.220314656309736,762.508897287088,1773.701744062,797.681360294349,2138.43285522141
"819",82,"Bagging",0.811329032959917,0.213975963320456,723.440797217463,1780.8970777674,802.118782579259,2149.74627299387
"820",82,"ANN",-6.89652801393827,-7.16042358478305,4680.24457891425,5738.22084742542,-2060.0409904413,2148.46421021079
"821",83,"Lasso",0.398196606912966,0.104657415834944,1426.13209191891,1141.64945289434,905.632183866936,1778.7303771785
"822",83,"Ridge",0.358871871534294,0.101270202174427,1471.98997563058,1143.80692882814,1015.50917523023,1876.06039913009
"823",83,"Log-Linear",0.0724340613249194,0.366342862065534,1770.53629108792,960.429117482681,495.048923961911,1183.55634726136
"824",83,"OLS",0.503068309563372,0.37128313594947,1295.92773197006,956.677824440268,827.44064127452,1565.34009209683
"825",83,"Quadratic_all",0.604431358846375,0.0484638663537634,1156.22768632121,1176.930438194,819.041545350417,1724.82252293673
"826",83,"Quadratic_correlated",0.565075623670793,0.0228626468723616,1212.38152995748,1192.6580947978,889.730398728311,1802.12748504355
"827",83,"Stepwise",0.490474551379669,0.184692425864915,1312.24636014599,1089.42889748158,675.239589084762,1511.97877539774
"828",83,"RandomForest",0.723541868386966,0.568468038573621,966.600735125489,792.582786681591,964.505272328986,1573.09028264059
"829",83,"Bagging",0.735947442876954,0.598179002235106,944.664566342225,764.811599986911,949.689357307052,1538.32600293883
"830",83,"ANN",-5.92363660014896,-187.062385621013,4837.26153954309,16545.8515280508,-155.49778297152,12066.6596131713
"831",84,"Lasso",0.398288498641926,0.295444173371318,1388.25838332103,1273.22144208304,767.128934369467,1745.71868266876
"832",84,"Ridge",0.34911552392447,0.294793275796494,1443.87004034713,1273.80943341081,864.880868736554,1847.3765931391
"833",84,"Log-Linear",0.0825557348256357,0.372642574320587,1714.21777264325,1201.44462797411,424.708301218649,1259.68839002895
"834",84,"OLS",0.485128988993203,0.530085719678427,1284.17842269182,1039.81375950092,887.883739332431,1687.79356013817
"835",84,"Quadratic_all",0.539942229158597,0.624137257982682,1213.89838521386,929.952737782237,939.755135263369,1655.24427740952
"836",84,"Quadratic_correlated",0.491227970045218,0.715699800426545,1276.54980075212,808.788226724818,1055.73428873479,1679.55788951262
"837",84,"Stepwise",0.475419821818581,0.526331677344115,1296.23005341176,1043.95891954445,916.922682920998,1721.42570984929
"838",84,"RandomForest",0.69128260626091,0.706329767776574,994.38988480545,822.008298217551,996.82177358351,1629.67307058154
"839",84,"Bagging",0.708292630570142,0.734979529131491,966.606806043849,780.882965571632,1015.69014619094,1616.90518162021
"840",84,"ANN",-5.4738640206366,-7.04785208350764,4553.63204718044,4303.14748532243,-2195.35775954746,696.037219076347
"841",85,"Lasso",0.360564229020809,0.393676992216916,1397.93987412626,1335.90554991534,1290.37880115991,2320.75794475768
"842",85,"Ridge",0.326668893101463,0.337844633799003,1434.51260312733,1396.05870620699,1241.24881425862,2317.98177821807
"843",85,"Log-Linear",-0.0493366482217061,0.331793183535533,1790.80149913293,1402.42350058727,740.233256833339,1732.12754895541
"844",85,"OLS",0.49893200975426,0.465684499500543,1237.48048425412,1254.07241911998,1203.60644329575,2167.14405199755
"845",85,"Quadratic_all",0.591349957471406,-0.0562694770213836,1117.54701541232,1763.23864184189,752.553201880212,2080.77489152762
"846",85,"Quadratic_correlated",0.534577772839961,0.462707396248698,1192.65158267415,1257.56129125756,1143.76076488763,2104.67962957553
"847",85,"Stepwise",0.485568708577537,0.414672813132652,1253.87348197684,1312.57182615638,1075.06386047443,2072.92682644956
"848",85,"RandomForest",0.72885791820896,0.562122291086675,910.308277671182,1135.27257959998,1345.25387907283,2220.85510273935
"849",85,"Bagging",0.742388783792139,0.528970642445238,887.303945772574,1177.46421702523,1376.40690839296,2284.21317956868
"850",85,"ANN",-6.52529528036079,-11.9916934916751,4795.69772616965,6183.81677125619,-2388.19809727725,2146.64376867703
"851",86,"Lasso",0.361313171356835,0.353221964570503,1381.09213647621,1445.25652905817,1283.52542808838,2374.64665023789
"852",86,"Ridge",0.330896634013946,0.303233970574174,1413.59590972764,1500.067469052,1276.45828395557,2408.60069182794
"853",86,"Log-Linear",-0.279965631571027,0.527576336848594,1955.13984611136,1235.18818825608,700.106699929917,1606.70236665104
"854",86,"OLS",0.463359119598964,0.640706897634343,1265.96164862085,1077.18859975079,1228.00941211679,2054.65794461485
"855",86,"Quadratic_all",0.539213736952157,0.642090747002213,1173.08217100956,1075.11215452706,1323.04708166314,2138.18338545575
"856",86,"Quadratic_correlated",0.516042876771879,0.536984847826781,1202.21492648191,1222.82669303482,1246.78689391938,2179.6829527144
"857",86,"Stepwise",0.420363635699355,0.546818919284548,1315.6988176164,1209.77106782501,1307.48663623195,2223.24298570096
"858",86,"RandomForest",0.725911958681754,0.437627871787988,904.739842948128,1347.65647664048,1103.09470600855,2140.31581025876
"859",86,"Bagging",0.744671642717643,0.436521135772221,873.22909623372,1348.98190405426,1064.54427575293,2104.28407516365
"860",86,"ANN",-5.97306616565903,-14.3922518789383,4563.42130466969,7050.47520095324,-1737.63404642307,3683.32474855652
"861",87,"Lasso",0.403078598412709,0.388207965997637,1302.09750738547,1512.97930066514,1084.13500099599,2238.20354477976
"862",87,"Ridge",0.332242604968269,0.308791980612517,1377.19134798694,1608.1829802603,1050.08582950518,2278.70760663107
"863",87,"Log-Linear",-0.495449660567681,0.0190434101755337,2060.96602148553,1915.82559920348,608.633105442542,2018.97508253003
"864",87,"OLS",0.550352437631321,0.34064018667522,1130.1108751204,1570.6966396082,1082.47994201427,2283.87570573955
"865",87,"Quadratic_all",0.651620431085265,0.217100561890549,994.743869275728,1711.52823539746,1032.86593160417,2344.21167178581
"866",87,"Quadratic_correlated",0.570153852064479,0.393014672002383,1104.94701266804,1507.02401917079,1020.72645262542,2160.63383722064
"867",87,"Stepwise",0.547356143425454,0.329493989692623,1133.86995517093,1583.91698174495,1088.56939827898,2301.38578898538
"868",87,"RandomForest",0.763879181224972,0.344663231664196,818.939978528583,1565.89755164379,1101.04928143054,2300.39948115098
"869",87,"Bagging",0.773308255770173,0.356554802995497,802.421921129679,1551.62532442134,1125.80867459396,2315.83052262889
"870",87,"ANN",-7.71725255476808,-52.5798625890192,4975.93555173933,14158.9769654731,-2708.177379048,8192.88044383779
"871",88,"Lasso",0.357436827048514,0.52565923213297,1412.41129846119,1136.51676316681,1604.75363006497,2470.89217058734
"872",88,"Ridge",0.307587793212416,0.482356691005286,1466.17437592012,1187.26023449069,1457.72004311336,2372.57844200212
"873",88,"Log-Linear",0.205255253212694,-35.9522535378218,1570.7862837326,10031.158303715,536.865235680837,8044.04097237321
"874",88,"OLS",0.543198021549015,0.0297688819448373,1190.87795384457,1625.42980650821,1997.91151577392,3129.0974870755
"875",88,"Quadratic_all",0.612013630202746,-0.573020906552841,1097.51762111939,2069.6545710628,2124.31960989331,3535.59169993334
"876",88,"Quadratic_correlated",0.536192523227832,-0.00696316810574649,1199.97483939786,1655.91260636826,1903.36780434228,3084.19089982817
"877",88,"Stepwise",0.535324077012859,0.0652401323442461,1201.09774738764,1595.44063405274,2025.05928422451,3125.97408878369
"878",88,"RandomForest",0.711340348079943,0.68827383973447,946.664974747343,921.334310671187,1676.22946972603,2375.62099471586
"879",88,"Bagging",0.725031816447754,0.723905980871453,923.941532478329,867.079900427504,1685.57366057118,2343.99132128985
"880",88,"ANN",-6.48047682899213,-18.7922335814414,4819.12186019617,7341.38539502092,-543.833186917601,5109.42422617217
"881",89,"Lasso",0.330909598089048,0.444119848258025,1380.75855662012,1443.60835155228,961.371044507904,2074.58173035771
"882",89,"Ridge",0.299433523194204,0.393947738702945,1412.86289320316,1507.3490798763,957.738847213236,2119.67811188443
"883",89,"Log-Linear",-0.157707127067153,0.43970300201957,1816.24610817064,1449.33222958911,628.118321856505,1719.7574295093
"884",89,"OLS",0.470959102968192,0.585415465048718,1227.77833672737,1246.70973603877,1082.30507531883,2042.12535939264
"885",89,"Quadratic_all",0.549110744939134,0.604587913492166,1133.47066882358,1217.54149768284,1188.42901898284,2118.62996929854
"886",89,"Quadratic_correlated",0.500547551265479,0.607788002286055,1192.95048103454,1212.60467833261,1035.9780325323,1971.18519029307
"887",89,"Stepwise",0.436486970738617,0.475206742394945,1267.14794696033,1402.66165765369,929.215016022286,2011.04131770886
"888",89,"RandomForest",0.704385439002815,0.656177487780031,917.77929183882,1135.34004636761,1135.12159597369,2008.3411897752
"889",89,"Bagging",0.721338345117372,0.689577369056189,891.074363832918,1078.78646732101,1185.6015898028,2013.09952831551
"890",89,"ANN",-6.46259075522739,-6.94902490214521,4611.26579836753,5459.0331419773,-2059.28817601581,1983.98148027999
"891",90,"Lasso",0.380105695692038,0.420242670843758,1336.62456507288,1447.68671644963,1180.27107166182,2295.25350087581
"892",90,"Ridge",0.31085833212677,0.356229115234471,1409.30460279413,1525.51727981762,1082.05222788623,2253.10692493038
"893",90,"Log-Linear",0.258066720704838,-7.26709940048796,1462.2884219837,5466.73529472097,201.928168784356,4401.84768268897
"894",90,"OLS",0.523320316352743,0.38117658677281,1172.09803198212,1495.66673313136,1347.19843646284,2497.91625752532
"895",90,"Quadratic_all",0.571272866206833,0.19042584616901,1111.58096392753,1710.72334907477,1344.99777528538,2656.80223108588
"896",90,"Quadratic_correlated",0.537736901628564,0.347312581099955,1154.23762881326,1536.04552124526,1257.99821089416,2442.48729689876
"897",90,"Stepwise",0.516022385512973,0.369358637073973,1181.03631806708,1509.88090142211,1360.07949018684,2520.73491052832
"898",90,"RandomForest",0.715405210817988,0.473230618970298,905.657707624633,1379.94484133904,1060.8030627871,2110.18768650176
"899",90,"Bagging",0.738432001928328,0.497686287568404,868.246257028805,1347.53167545577,1051.92599215995,2072.67213033743
"900",90,"ANN",-5.84051665019923,-8.99434409591764,4440.12368092452,6010.74929991401,-2668.08289061207,1598.79130607892
"901",91,"Lasso",0.369583566480473,0.396570407209267,1464.91070121702,932.951912491637,1396.85675852428,2031.20190806919
"902",91,"Ridge",0.321562231323245,0.350560837611925,1519.68087256637,967.865911002465,1365.32299965258,2035.35336160662
"903",91,"Log-Linear",-0.366687347681,0.473048555168511,2156.90976008502,871.828891180266,963.497354384356,1635.65432991995
"904",91,"OLS",0.496906965572184,0.479792032297861,1308.644067983,866.232466037447,1413.90008430884,1993.77707282844
"905",91,"Quadratic_all",0.591920338033364,0.0716637114266059,1178.60930121623,1157.17387621653,1401.98208871999,2197.00976005648
"906",91,"Quadratic_correlated",0.552469171452706,0.0899133171153588,1234.26628890821,1145.74332759993,1260.89908679418,2088.66812789944
"907",91,"Stepwise",0.485540163390862,0.482016517655845,1323.34513899219,864.378413502038,1381.91156019409,1971.63224008655
"908",91,"RandomForest",0.726525986804311,0.374083526279322,964.840268044376,950.176200052292,1243.26248906277,1934.59927155344
"909",91,"Bagging",0.744385054958954,0.272318413347093,932.804236325217,1024.51105688549,1211.52859770087,1963.70384204961
"910",91,"ANN",-5.51771285838678,-371.219257622225,4710.26130332764,23171.0319640196,-15088.0014431769,1693.48080919714
"911",92,"Lasso",0.361928147459243,0.455745602764117,1444.25127712184,1073.44810889228,1480.67370334366,2259.12477008571
"912",92,"Ridge",0.331894974391357,0.386222117092299,1477.84993258451,1139.94972823924,1454.07326728732,2286.74095468522
"913",92,"Log-Linear",-0.413765895048189,0.617739245811191,2149.79336015177,899.621732098572,1259.69834996188,1949.27077399599
"914",92,"OLS",0.499016209180255,0.439685721519167,1279.73428193494,1089.17064240772,1573.25652455973,2337.83886129592
"915",92,"Quadratic_all",0.649214275638313,-2.61576959241626,1070.85069351306,2766.81713125166,1921.28569759936,3784.65231669765
"916",92,"Quadratic_correlated",0.523965290369796,0.515557508187761,1247.46186142335,1012.74753925084,1483.85986188771,2217.83606740223
"917",92,"Stepwise",0.485828722927754,0.330700474340635,1296.46821228983,1190.3929347123,1633.11818827039,2452.03351623085
"918",92,"RandomForest",0.728841419903796,0.578082151848513,941.498521512277,945.135401623684,1368.12025269966,2077.36987314603
"919",92,"Bagging",0.752863120619608,0.560276802719009,898.828316863834,964.872148607343,1370.36350310805,2093.56147781746
"920",92,"ANN",-5.96118531502475,-15.9513477640588,4770.34253237581,5990.76382705785,-310.933662827607,4294.51889799824
"921",93,"Lasso",0.372690768940265,0.442074680300324,1324.45127086342,1458.67184540553,977.462374858297,2031.36132849144
"922",93,"Ridge",0.318686877678304,0.353005592932763,1380.284217049,1570.79615027866,955.839131518522,2108.78137368665
"923",93,"Log-Linear",-0.141632806890643,0.196564089130811,1786.72767965097,1750.43176027185,611.304573748857,1810.53406562195
"924",93,"OLS",0.472226013165478,0.544865593493259,1214.84014666755,1317.46594777879,1268.08692070674,2266.1082534286
"925",93,"Quadratic_all",0.586069109200747,0.297459407249502,1075.86818320696,1636.83640787818,765.618208583054,1916.05409409502
"926",93,"Quadratic_correlated",0.52195093513924,0.494900491363112,1156.19578475271,1387.89955981906,1187.97990617536,2232.33637176685
"927",93,"Stepwise",0.458829289732656,0.551428095797704,1230.16194168107,1307.9333067,1237.05317424483,2221.50624396351
"928",93,"RandomForest",0.721884778393436,0.404098485792763,881.876002327978,1507.49822516924,1369.49796738236,2531.18509206565
"929",93,"Bagging",0.746419376212556,0.389050605712003,842.079661552616,1526.41345045864,1418.14958646299,2595.48167095168
"930",93,"ANN",-6.88487613502923,-13.5115108894421,4695.61609814413,7439.19394200375,683.849141756404,6307.06928462962
"931",94,"Lasso",0.4382464950038,0.265607985630973,1306.54776264798,1493.921693621,1009.93681415049,2162.07126755488
"932",94,"Ridge",0.382611418037387,0.241766592174436,1369.71966780519,1517.97744532736,994.138227194688,2164.73743167114
"933",94,"Log-Linear",-0.0951143405173265,0.301009611688017,1824.24064673539,1457.46945863947,977.662428928868,2100.4878373892
"934",94,"OLS",0.517945131580782,0.409904368109445,1210.32117590422,1339.1371578402,1354.29603719113,2368.86090490088
"935",94,"Quadratic_all",0.585309647353116,0.330152059037424,1122.57240236873,1426.7634466551,1808.92631194202,2775.59738492386
"936",94,"Quadratic_correlated",0.534888483788553,0.399256006701209,1188.86061979664,1351.16559899675,1616.25612446524,2587.09830950146
"937",94,"Stepwise",0.501345325126935,0.323334182354038,1230.98381432073,1434.00603829445,1303.39538822886,2394.08264604003
"938",94,"RandomForest",0.761165903626621,0.159145047569502,851.923422842535,1598.54329835447,1015.77884058834,2248.64817309976
"939",94,"Bagging",0.778709224305783,0.144499880737195,820.038137794947,1612.40411606607,1002.47013786927,2246.09932519922
"940",94,"ANN",-6.21140838831547,-14.0843758094379,4681.25652658521,6770.60586070532,-3303.58326193664,1554.22092080029
"941",95,"Lasso",0.386497915584544,0.347666654219799,1261.46880687156,1759.61462709093,1145.4785402183,2502.59398154308
"942",95,"Ridge",0.336790561165686,0.281898594474603,1311.57715595352,1846.18688817742,1076.54973224631,2500.50773758734
"943",95,"Log-Linear",-0.0396145662344216,0.373640540624487,1642.11917561497,1724.22760599794,640.690637255598,1906.63241978661
"944",95,"OLS",0.478803354845214,0.508409905101173,1162.70435833474,1527.51096232727,1160.41952517262,2337.90921396175
"945",95,"Quadratic_all",0.561586140462452,0.442926173878785,1066.37666268358,1626.06967549605,1152.71003611169,2406.80816910093
"946",95,"Quadratic_correlated",0.536344050916931,0.471410526998548,1096.64588380008,1583.95204425531,1237.40193631745,2458.61721841733
"947",95,"Stepwise",0.447639789365717,0.436026693449654,1196.9601391472,1636.1083017011,1184.24505974926,2446.16310636945
"948",95,"RandomForest",0.707658320251384,0.477580938499688,870.790863350546,1574.67988988022,1227.68755612964,2442.00208134011
"949",95,"Bagging",0.732376459317945,0.485174488406445,833.164296092069,1563.19372750171,1286.19986361838,2490.08809296899
"950",95,"ANN",-7.72156431719769,-9.84485424997227,4756.26110957805,7174.5494567342,879.404091164991,6244.21401934426
"951",96,"Lasso",0.369032130520236,0.496616058472719,1379.62935963134,1254.13023115299,1478.73063308136,2424.55317081139
"952",96,"Ridge",0.310685499132088,0.420535332706532,1442.00747969398,1345.57044158667,1360.19057067806,2388.13986174823
"953",96,"Log-Linear",-0.145642367378491,0.265877667101092,1859.01690371548,1514.52754483278,937.884812966963,2098.6516591212
"954",96,"OLS",0.510278037461089,0.389941993998873,1215.44020015474,1380.63387104457,1463.88278143205,2504.13418163425
"955",96,"Quadratic_all",0.621589271899213,-0.549073946513884,1068.41635117374,2200.03217901269,1358.78595936642,3011.89544096406
"956",96,"Quadratic_correlated",0.51945895630174,0.502558951193654,1203.99324239266,1246.70519291293,1528.21753250521,2460.46540662252
"957",96,"Stepwise",0.504166248316515,0.385133030919419,1223.00110318551,1386.06481717662,1502.39929561739,2540.24340161118
"958",96,"RandomForest",0.701361865021888,0.67362191793937,949.142538770019,1009.84205099655,1596.76326859609,2344.66808236893
"959",96,"Bagging",0.72518131406901,0.68273203899398,910.504161426901,995.648553262327,1613.31462614493,2347.55485687521
"960",96,"ANN",-6.49666348869796,-20.128310547447,4755.4630772005,8125.03693827893,2711.45622580416,8253.33923469649
"961",97,"Lasso",0.457373012352309,0.134156162060799,1328.04509191928,1384.0347299205,1055.37396544341,2122.86024707857
"962",97,"Ridge",0.362944269635607,0.220647331754549,1438.9670174689,1313.08916024357,1098.6197526686,2111.42501421569
"963",97,"Log-Linear",0.22641480308408,-24.69455092229,1585.68238459252,7539.58980840588,-145.534774180788,5604.45376517679
"964",97,"OLS",0.591365794733286,-0.242437945674582,1152.46961719825,1657.92376284199,999.066134672852,2277.53932211479
"965",97,"Quadratic_all",0.649729900182514,-0.38000623827019,1066.99813265952,1747.30100890191,848.909933995232,2195.2348317994
"966",97,"Quadratic_correlated",0.600666320640224,-0.0456086148720569,1139.27901024862,1520.93894052777,880.449399899395,2048.80483574877
"967",97,"Stepwise",0.588903188561679,-0.265477228553451,1155.9370407755,1673.22509779618,1015.09847331441,2304.90151665487
"968",97,"RandomForest",0.762584924877867,0.258819533857762,878.448432527778,1280.52831299517,932.544175107977,1910.41117537271
"969",97,"Bagging",0.773887443951118,0.295140717203417,857.2835019946,1248.75837724848,923.517421482104,1873.90058998962
"970",97,"ANN",-6.27150683811329,-18.3710994711108,4861.54527613395,6546.42713744861,-2909.35717310782,1867.18799503365
"971",98,"Lasso",0.438575768846271,-0.074922541525946,1365.19658434068,1360.67637934522,1144.00345584174,2142.41170184215
"972",98,"Ridge",0.371398411026686,0.073544458550766,1444.5658833412,1263.21871782014,1222.28505351734,2131.75211657046
"973",98,"Log-Linear",0.226900294419376,-11.8531998666203,1602.01792279119,4705.13285761057,386.760355585144,3942.60716087082
"974",98,"OLS",0.557776123209891,-0.180513671169198,1211.63193169567,1425.94170451004,1204.77906108955,2235.80477960651
"975",98,"Quadratic_all",0.59441956213871,-0.360026527784583,1160.34762168271,1530.52331705941,1221.79010951975,2323.75187488594
"976",98,"Quadratic_correlated",0.545787646534003,0.0867648429528655,1227.94548742727,1254.17336017695,1382.73078019471,2237.80898507087
"977",98,"Stepwise",0.543583469587924,-0.209482605841595,1230.92133499691,1443.33144700137,1133.32095867689,2193.66729567953
"978",98,"RandomForest",0.716331511999913,0.52275197039043,970.409777052991,906.64721654223,1213.78445182775,1868.81071704865
"979",98,"Bagging",0.732365113024868,0.531642394708317,942.585986372847,898.162769855658,1205.35681024847,1856.37568610509
"980",98,"ANN",-5.61642795288147,-11.3169776844253,4686.6380099141,4605.94065332067,-2622.25012962916,451.717468523097
"981",99,"Lasso",0.405703083270482,0.30928723133503,1344.81039916317,1409.60011694965,1132.11246767296,2190.22068705034
"982",99,"Ridge",0.351517004805917,0.279666744685695,1404.78097315203,1439.50745176413,1082.46802209872,2156.3086731899
"983",99,"Log-Linear",0.160519062591363,0.0289771683172972,1598.32370137712,1671.32883353081,723.259869012912,1903.62894601099
"984",99,"OLS",0.498987452530022,0.433654175323941,1234.76304048593,1276.4036468642,1225.23959997897,2185.80451975619
"985",99,"Quadratic_all",0.581120234219535,0.370553589547393,1129.02617664573,1345.63280269765,1466.94518682217,2504.85515222965
"986",99,"Quadratic_correlated",0.515210817565767,0.552788602961551,1214.6070020061,1134.23649318828,1637.5463907584,2509.74688762809
"987",99,"Stepwise",0.488927527392874,0.320854098325793,1247.09794910646,1397.74750904383,1109.71315217138,2152.63894045973
"988",99,"RandomForest",0.699931073206511,0.627616046297328,955.586119495453,1035.00551553781,1457.61667336832,2249.43447369298
"989",99,"Bagging",0.718194660142576,0.622759696116741,926.048919407331,1041.73253438969,1487.95527197555,2287.94310597875
"990",99,"ANN",-6.44093200415067,-9.52749220271644,4758.53193419115,5503.12843896952,-483.222421571053,3752.81668971236
"991",100,"Lasso",0.418681870115965,0.189924387334533,1340.4682143109,1514.0326990135,898.171884383615,2050.86140794264
"992",100,"Ridge",0.382300572864573,0.192708253889676,1381.77771975884,1511.42893443035,969.78993510004,2128.3382439601
"993",100,"Log-Linear",0.23520327376364,-33.4757445886262,1537.52645309935,9877.09664354483,-446.052835523913,7072.23302406381
"994",100,"OLS",0.61071422509536,-0.164961444107617,1096.94247572322,1815.6337703617,771.850345436282,2158.72614421514
"995",100,"Quadratic_all",0.664763063859351,0.0563241955062389,1017.94782277424,1634.11977630635,802.144674295753,2041.81831754059
"996",100,"Quadratic_correlated",0.627638256317934,-0.0511028403542158,1072.83297597024,1724.626602016,753.264771316616,2061.87305405378
"997",100,"Stepwise",0.599573895196238,-0.286534239510459,1112.52755833992,1908.02100012875,778.995581690434,2242.01755936248
"998",100,"RandomForest",0.792444633775609,0.172221649697435,800.970589238546,1530.48651611119,739.262139274623,1876.76158310317
"999",100,"Bagging",0.805055094975019,0.208503871868337,776.25700267412,1496.56944197063,767.373353053995,1881.19109319467
"1000",100,"ANN",-6.95811017092371,-20.1824876230205,4959.69031699351,7742.13886280421,-408.56877012222,5527.63643667734
