"","Iteration","Model_Type","R2_Train","R2_Test","RMSE_Train","RMSE_Test","CI_Lower_Test","CI_Upper_Test"
"1",1,"Lasso",0.349191611879842,0.535827257173663,1465.5240041429,960.190135065567,1068.53682654927,1808.46843549829
"2",1,"Ridge",0.318438435132921,0.487970070432569,1499.75013955254,1008.47490663049,1113.1651844067,1890.82819619931
"3",1,"Log-Linear",-0.356535133879063,0.313625462688967,2115.83544614992,1167.61053439073,669.59510035541,1519.85089504948
"4",1,"OLS",0.499301987649567,0.51972028294805,1285.44736691628,976.707551887696,1091.88302847799,1845.18596193546
"5",1,"Quadratic_all",0.573321218106197,0.433206004261108,1186.63427547886,1061.03581369122,951.67452553009,1764.69095481878
"6",1,"Quadratic_correlated",0.5281539009084,0.491981591791332,1247.86197142412,1004.51666778069,999.832792853606,1771.22669257917
"7",1,"Stepwise",0.478926267271526,0.439195984410644,1311.34195376893,1055.4143140242,1125.75315527088,1938.79934681292
"8",1,"RandomForest",0.714705429075969,0.697289677758522,970.315835149981,775.409357755781,1239.903125941,1836.28758334879
"9",1,"Bagging",0.726782020917208,0.690915807260702,949.556919044862,783.530343783464,1245.93840062299,1848.05145404095
"10",1,"ANN",-6.07010515222841,-59.3700875054074,4830.35780351716,10950.3581896107,-2071.00117761371,6359.62714064522
"11",2,"Lasso",0.376551905792923,0.429259768361314,1351.9190061247,1403.18426251007,1091.22163354233,2171.99926905738
"12",2,"Ridge",0.314377149569563,0.370774920825842,1417.72880879587,1473.32471314661,1054.68804629908,2189.9780867008
"13",2,"Log-Linear",-0.356207833332475,0.258705745420756,1993.94716840875,1599.15580411108,645.702345737692,1856.34001160159
"14",2,"OLS",0.480416883859479,0.565270511978207,1234.17867453025,1224.63033058884,1232.77824497554,2170.75237270585
"15",2,"Quadratic_all",0.553811834566855,0.580455654723194,1143.69321940389,1203.05199487589,1345.07924972047,2253.9933957738
"16",2,"Quadratic_correlated",0.528885224627128,0.526909745461288,1175.20568954357,1277.5192782956,1185.09152969891,2166.21939184822
"17",2,"Stepwise",0.448897904546494,0.505160502865773,1271.06146985372,1306.55483090462,1270.51608225617,2265.10551510608
"18",2,"RandomForest",0.704635739152062,0.554064685004275,930.528105524305,1240.31328378473,1033.9880953948,1990.02813182695
"19",2,"Bagging",0.72941340989376,0.566245647947855,890.642997508753,1223.25608346176,1042.1474265081,1985.06687160053
"20",2,"ANN",-6.10011445165375,-36.988643681299,4562.29325653167,11447.8084938717,-6470.86786860181,1838.19511359895
"21",3,"Lasso",0.369672548246181,0.361128846544011,1356.00654320685,1484.26167496859,1174.29728874187,2314.72802724286
"22",3,"Ridge",0.324194018669355,0.304111055489316,1404.07300603142,1549.07984221979,1129.03614124605,2318.17818870616
"23",3,"Log-Linear",-0.169102294194239,-0.0563764844196661,1846.73649036596,1908.59242848947,624.800216314148,2035.79459908692
"24",3,"OLS",0.516047848751885,0.429878757989461,1188.17356736531,1402.12730043159,1216.79532401188,2294.3769786056
"25",3,"Quadratic_all",0.601195493350727,0.366513413999598,1078.59574569935,1477.99357358144,1119.48269398472,2250.04119888289
"26",3,"Quadratic_correlated",0.547106501030578,0.412185422002413,1149.41462204945,1423.7181132617,1172.15401614956,2263.61893793188
"27",3,"Stepwise",0.499087598981255,0.428727519392243,1208.81423630019,1403.54223544403,1218.9834927896,2297.84385572585
"28",3,"RandomForest",0.708691175261972,0.636591077343016,921.839885279618,1119.44207780497,1321.80165002369,2179.95646947029
"29",3,"Bagging",0.728542822458941,0.631885973833806,889.875682231971,1126.66555467841,1352.38958696872,2218.68640307986
"30",3,"ANN",-6.74389395471341,-24.0387686791087,4752.8966719769,9292.02389837629,-1496.70375782331,5668.54290362861
"31",4,"Lasso",0.385959371894988,0.323444599709014,1419.49915072954,1189.75329931928,1205.37378947692,2122.53075119442
"32",4,"Ridge",0.353026179704806,0.261506946957741,1457.06839158836,1243.02093323587,1175.97713101381,2134.43644769913
"33",4,"Log-Linear",-0.782757821627275,0.0107566695581348,2418.70419955878,1438.65546830349,674.236709929869,1735.82579639263
"34",4,"OLS",0.526308177463166,0.265601741373008,1246.76478511447,1239.56999322988,882.836617615294,1815.13018379385
"35",4,"Quadratic_all",0.625754635502733,-0.0512232284016325,1108.19145801751,1483.03947034675,771.571121252275,1893.14685121183
"36",4,"Quadratic_correlated",0.562971773304453,0.196332473388616,1197.54358150558,1296.71174808011,1055.13505956133,2053.87885768083
"37",4,"Stepwise",0.520703645348246,0.205975719772115,1254.11870795576,1288.90861570981,777.36222940542,1729.5813217194
"38",4,"RandomForest",0.757481272117294,0.108077838358273,892.091135994368,1366.05665959861,1194.55185526762,2245.59981051081
"39",4,"Bagging",0.777920727356825,0.0875978406926249,853.67113425195,1381.65110136965,1263.10346807584,2320.87768593836
"40",4,"ANN",-5.83719669595811,-16.7538794286444,4736.69717499466,6094.69347798974,-1579.14140992207,3072.87661202376
"41",5,"Lasso",0.406178762506117,0.41852780283759,1358.9694323892,1262.0374964233,965.854620170654,1938.34441176786
"42",5,"Ridge",0.333590539346581,0.333948237351249,1439.63501888442,1350.7089340109,1002.22399896667,2043.9807449008
"43",5,"Log-Linear",-0.00734260798513708,0.0933830126387917,1769.98842899934,1575.86753135769,343.408138770411,1466.51190456681
"44",5,"OLS",0.505575024254695,0.465902754772687,1240.0295248845,1209.53363668376,884.481082829514,1809.13520146258
"45",5,"Quadratic_all",0.598290202393833,0.375320912295375,1117.73290775309,1308.08590228781,786.15082677384,1780.13571383484
"46",5,"Quadratic_correlated",0.532973544633702,0.490523062396856,1205.18180548584,1181.32677184133,788.421769982001,1674.34169521287
"47",5,"Stepwise",0.499180763197725,0.432154636293487,1248.02224492185,1247.16186729299,889.792442482112,1845.68199524287
"48",5,"RandomForest",0.739609443994313,0.459482262903482,899.900389476195,1216.78194362959,1027.86004507229,1966.35027693607
"49",5,"Bagging",0.754243394658855,0.436820984705474,874.247552250158,1242.02693304618,1029.73000353547,1987.72665087783
"50",5,"ANN",-6.57750897651432,-16.6991049601114,4854.50614385729,6962.79219501165,-1533.73339750409,3829.62025201845
"51",6,"Lasso",0.365250457703471,0.132701574943163,1423.44834165092,1223.11522765779,1091.45636455356,1908.31988669658
"52",6,"Ridge",0.324051190163032,0.0844274308361782,1468.91753926554,1256.69382342117,1141.64139772687,1964.15943830004
"53",6,"Log-Linear",-0.3490458015096,0.0972156936725525,2075.17085813678,1247.88652374662,493.381320012377,1453.63489397226
"54",6,"OLS",0.504062342458927,0.250638874795696,1258.21267477936,1136.91677357343,810.1957707892,1646.85719008868
"55",6,"Quadratic_all",0.584145858618187,-0.827344551485355,1152.15531611372,1775.3881449406,419.694039199327,1779.32786831132
"56",6,"Quadratic_correlated",0.52810843236154,0.271903431867113,1227.33076614152,1120.66958740437,888.408912987507,1694.79349387973
"57",6,"Stepwise",0.49211031456856,0.186438547577228,1273.28378681891,1184.61785919904,740.65334418645,1625.56082724058
"58",6,"RandomForest",0.701523680195295,0.554222196945051,976.102563218793,876.884339599904,1191.16440540011,1709.97302071469
"59",6,"Bagging",0.713066246929784,0.532235216075588,957.042737672698,898.24923392511,1169.42558152698,1714.73663991031
"60",6,"ANN",-6.08268600813892,-20.7204744661646,4754.87940933032,6120.93472580407,-4260.06221850943,-196.564369942028
"61",7,"Lasso",0.327453939894043,0.503131147569251,1437.17099405073,1203.09692577619,1031.57700659279,1948.69473478434
"62",7,"Ridge",0.30904610382029,0.437757574924943,1456.70617769358,1279.79832443543,1015.81607291953,1994.35302240093
"63",7,"Log-Linear",0.170626984856867,-19.5491853319133,1595.96137839877,7737.07907071167,-484.25606518113,5450.72323121527
"64",7,"OLS",0.523713350561372,0.226501869820605,1209.43248948793,1501.0991008639,768.882064328131,1896.44918169974
"65",7,"Quadratic_all",0.563708373411487,0.215345673326873,1157.53962289138,1511.88555488038,579.06008053199,1664.80281752088
"66",7,"Quadratic_correlated",0.519872417330274,0.382504268595174,1214.29932924688,1341.2097769088,819.29323712093,1816.77834242928
"67",7,"Stepwise",0.507731539431479,0.103207900408142,1229.55633788923,1616.31356407566,612.562108121558,1806.79893947219
"68",7,"RandomForest",0.700072522677821,0.646823418772498,959.744328355084,1014.32161390072,1069.58328655862,1832.9202101277
"69",7,"Bagging",0.725708172998509,0.62638933536118,917.812272577533,1043.25232922183,1026.46179821062,1806.30109541764
"70",7,"ANN",-6.68284369191222,-13.3907098267956,4857.45097116523,6474.71771562638,-1134.85977622025,3853.31311899002
"71",8,"Lasso",0.435000861285027,0.231926834676407,1352.15025698973,1317.34004105444,1456.95585406071,2426.80708138548
"72",8,"Ridge",0.361658405431992,0.17135154794535,1437.2345018574,1368.30135869899,1416.22046875428,2431.26665236819
"73",8,"Log-Linear",-0.497355649683642,-0.180272601834304,2201.22048064639,1633.00592089623,767.799763249039,2021.73388080255
"74",8,"OLS",0.545564214477895,0.245662872576571,1212.65517342883,1305.50740129382,1335.49863561034,2319.30005036614
"75",8,"Quadratic_all",0.639379559729123,0.0316736165642258,1080.25486727028,1479.13386014056,1212.82596522778,2340.13691388805
"76",8,"Quadratic_correlated",0.587183635327444,0.0900441212633476,1155.79154909761,1433.86004793763,1261.86436568926,2349.93265943301
"77",8,"Stepwise",0.535331996090903,0.14128893532517,1226.23143870324,1392.90060158551,1405.12147177702,2440.12280987323
"78",8,"RandomForest",0.783017979247465,-0.149079580519613,837.940027839687,1611.28235086054,1431.84771160519,2619.08286562504
"79",8,"Bagging",0.800596529582651,-0.315689130763235,803.280858825401,1724.14282803313,1395.46538086137,2671.72316485864
"80",8,"ANN",-6.19519072224181,-32.9162918513862,4825.27664157101,8753.8838186075,-167.848414402628,6470.12979363007
"81",9,"Lasso",0.421330101134425,0.266938441103618,1397.52180358072,1073.03587914408,965.202595639239,1790.10848407725
"82",9,"Ridge",0.340245768748385,0.266892169716896,1492.2247484014,1073.06974401808,1063.51626397892,1879.32250275787
"83",9,"Log-Linear",-0.404375902103272,-0.71197259657743,2177.13234842134,1639.80582585411,358.814722409799,1600.73640854091
"84",9,"OLS",0.519766390101105,0.280566113937505,1273.12023865506,1063.01517798025,866.277699975439,1686.12745574478
"85",9,"Quadratic_all",0.591937965422296,0.0377357750862649,1173.56254873136,1229.3942870261,726.214966671535,1671.84994623701
"86",9,"Quadratic_correlated",0.543009118811878,0.276731371020903,1241.92941507604,1065.84446668565,866.102698015996,1688.14403246438
"87",9,"Stepwise",0.502607889047751,0.0985770729576543,1295.66459857667,1189.89412602175,778.604677205121,1695.46984852594
"88",9,"RandomForest",0.727111618752558,0.426644277600809,959.700384747151,948.97789511979,914.114039052695,1646.03451224426
"89",9,"Bagging",0.7441370614584,0.406761620026496,929.280529988936,965.291853059855,920.811944876583,1665.35535964928
"90",9,"ANN",-5.67492845806167,-136.676567106397,4746.42315490234,14705.3049460173,-3356.81776736166,7958.82017869289
"91",10,"Lasso",0.464568218470698,0.215123268257477,1252.79456923639,1626.39138798935,1382.70327631624,2634.91123172614
"92",10,"Ridge",0.378118255759233,0.192282476809979,1350.14898138254,1649.8865846281,1301.3235900684,2573.74910449188
"93",10,"Log-Linear",-0.119999950316817,-0.289241952552127,1811.91070476155,2084.45034239324,908.824967771032,2509.00082578831
"94",10,"OLS",0.573349919857746,0.111290760693547,1118.31385343932,1730.62983517465,1355.76085879001,2687.90103946655
"95",10,"Quadratic_all",0.680792631327704,-0.638428043085723,967.306805331258,2349.83855474767,1378.04206707207,3168.86024361866
"96",10,"Quadratic_correlated",0.612254103868618,-0.0728688205793924,1066.10847087492,1901.50578447005,1356.13013979165,2816.5674315538
"97",10,"Stepwise",0.562969995214532,0.0751078634386522,1131.83577401324,1765.5087828151,1398.5118330345,2754.31205462771
"98",10,"RandomForest",0.760715766861892,0.248749253181169,837.500028851007,1591.17078851957,1300.07357997638,2527.36995938774
"99",10,"Bagging",0.787425387887305,0.240458236833354,789.375216026288,1599.92700189035,1265.05203100205,2498.89618587649
"100",10,"ANN",-6.31322996288115,-45.0130672584736,4630.01506457097,12452.7403017855,-6064.40828843578,3186.46157464153
"101",11,"Lasso",0.358571628030148,0.443111622282534,1310.24900711753,1573.49813273891,988.903589364134,2198.01246286664
"102",11,"Ridge",0.301690437341374,0.33932961291884,1367.11091576418,1713.85697099021,972.468551047824,2292.26295480668
"103",11,"Log-Linear",-0.0460868533939656,0.320658019690491,1673.26076751134,1737.90639458082,499.500874507002,1757.17067573634
"104",11,"OLS",0.505227135713532,0.445915079867573,1150.75452873921,1569.53252565217,1146.96648494409,2357.44976256985
"105",11,"Quadratic_all",0.592558771442808,0.472555763671581,1044.26865580086,1531.33578065638,1151.39133699857,2332.49954698391
"106",11,"Quadratic_correlated",0.551936289968953,0.430034724889475,1095.08956742225,1591.86543723357,1044.67442264153,2271.26094096503
"107",11,"Stepwise",0.491599838816737,0.426993034684683,1166.49423313795,1596.10737877555,1183.83071827173,2413.78156929026
"108",11,"RandomForest",0.743633364515793,0.506887363926826,828.343575373312,1480.65957870238,962.576817578986,2094.02154015432
"109",11,"Bagging",0.757578331382704,0.514989850843761,805.499869522193,1468.44460510183,939.286342170713,2057.80273404357
"110",11,"ANN",-8.29635727163616,-17.3597781657392,4988.11157450245,9034.7443782629,1883.14928322352,8344.48461375591
"111",12,"Lasso",0.344351291020349,0.449849074450883,1390.79495337538,1359.98582556969,1260.97252537914,2309.95114184336
"112",12,"Ridge",0.307417299971212,0.400776508837327,1429.43140853571,1419.34467669268,1197.00887915722,2291.37135838656
"113",12,"Log-Linear",0.306161105286218,-21.4125646813819,1430.7271603992,8680.38995984489,-137.645901955121,6471.98172305251
"114",12,"OLS",0.56928260309656,0.118564000084674,1127.25899041641,1721.42794981329,1205.77551174931,2531.87963675154
"115",12,"Quadratic_all",0.624078934762978,0.0398152451251501,1053.11508149627,1796.68052836173,1130.24942156643,2515.71197243657
"116",12,"Quadratic_correlated",0.580797853576907,0.151610972396667,1112.08824395449,1688.84961633954,1178.74268426952,2480.8747796859
"117",12,"Stepwise",0.568495138902076,0.105021611385485,1128.2889821739,1734.60155820232,1203.148387261,2539.33236491596
"118",12,"RandomForest",0.745165834869372,0.392700104113299,867.07432650617,1428.87770965263,1115.10824623711,2213.43517734135
"119",12,"Bagging",0.762620639787034,0.427991100297956,836.852616707696,1386.7393874069,1117.99285845336,2182.72804818131
"120",12,"ANN",-7.10344866469166,-197.946144888474,4889.47740521536,25861.9472751452,-12457.1834415064,7198.13871735863
"121",13,"Lasso",0.399256651300917,0.356802823839166,1383.01110775095,1237.82041583288,932.967019656437,1887.29804262829
"122",13,"Ridge",0.341276246246312,0.261593625317242,1448.21434470533,1326.27412103741,990.150376845491,2008.50400608493
"123",13,"Log-Linear",-0.27727347768235,0.376947202296073,2016.61563394946,1218.28248953852,751.746190176627,1683.73104255584
"124",13,"OLS",0.488223797208357,0.566185392444302,1276.50119725378,1016.57087449659,1005.21326701013,1789.09723141945
"125",13,"Quadratic_all",0.574966006953894,0.343114279022799,1163.30344765385,1250.92274051103,1274.49813107084,2197.87858600404
"126",13,"Quadratic_correlated",0.533252883849864,0.477541833291079,1219.05136273679,1115.60727567752,1039.83048283786,1897.18242293739
"127",13,"Stepwise",0.466059202171328,0.525994196363275,1303.85031329932,1062.61858270668,959.085635788134,1778.69464573029
"128",13,"RandomForest",0.728159063817575,0.279367496228889,930.333396454369,1310.21479833928,786.094585510915,1794.65723730619
"129",13,"Bagging",0.752277122887165,0.293450349288519,888.104847036218,1297.34929417607,834.720492948619,1834.9473858275
"130",13,"ANN",-5.94905915111108,-25.0435084596643,4703.74951852443,7876.53707988422,-3890.65495167661,1903.90652535375
"131",14,"Lasso",0.469379330872773,-0.262069437306746,1344.29844788621,1424.34566870077,1390.02548761085,2468.47202163101
"132",14,"Ridge",0.397566831161969,0.0339976455348693,1432.37935669772,1246.12860903849,1353.26571298419,2305.25538962333
"133",14,"Log-Linear",0.274957868507828,-36.2184426177299,1571.39453203101,7734.86739322144,630.555431343327,6420.04219111738
"134",14,"OLS",0.586133436697438,-0.702921712069863,1187.22705821374,1654.5165499098,1573.17459989024,2784.34948135697
"135",14,"Quadratic_all",0.600136026345346,-1.34192015445946,1166.97016916453,1940.2594905356,1679.85160869862,3070.30586141275
"136",14,"Quadratic_correlated",0.576900669700537,-0.703676894507793,1200.39667747294,1654.88336752131,1740.47261622384,2908.63451118744
"137",14,"Stepwise",0.572712760608372,-0.814344745913317,1206.32291404068,1707.78690855405,1614.32264477892,2854.18389125907
"138",14,"RandomForest",0.74762504035271,0.0953384065492815,927.100354178959,1205.91542670363,1588.6586799798,2473.10142236852
"139",14,"Bagging",0.765712271769488,0.106635016704066,893.261027492611,1198.36257413135,1582.6609040084,2462.98785556054
"140",14,"ANN",-5.35186336593511,-12.9335453433775,4651.08406848966,4732.65222602072,-1713.45730584609,1704.40833059412
"141",15,"Lasso",0.331552697067382,0.464657984001172,1377.14634589086,1430.90675931012,1253.77606118247,2346.12174370185
"142",15,"Ridge",0.304362193930534,0.412176058212313,1404.87632813648,1499.40621109156,1242.85692620456,2386.91456348534
"143",15,"Log-Linear",-0.0795099302619349,0.401947832369625,1750.08775958059,1512.3949013353,758.57514017132,1907.42304982244
"144",15,"OLS",0.471227525794223,0.549919637820722,1224.844414689,1312.02074615586,1230.72658296236,2237.05557991447
"145",15,"Quadratic_all",0.562136760652875,0.50324484033932,1114.59155779573,1378.37333672328,1309.98990821275,2357.15805890504
"146",15,"Quadratic_correlated",0.500477807182186,0.56919944462335,1190.4849250553,1283.61208549731,1250.01812395527,2233.62589306964
"147",15,"Stepwise",0.460086353377798,0.491480917289874,1237.68081402991,1394.59883357017,1199.91686346431,2270.18663681649
"148",15,"RandomForest",0.695716642744672,0.624380414758441,929.14951832652,1198.58761155121,1550.15643200721,2423.89979482393
"149",15,"Bagging",0.719618118298082,0.614827074138763,891.910916456783,1213.73407987436,1540.19595361649,2427.16719985713
"150",15,"ANN",-7.11224703980704,-17.3739273172426,4797.52327357874,8382.94597326065,-1953.46875712881,4507.78341568309
"151",16,"Lasso",0.387923129140607,0.307269563436232,1292.00247437916,1717.25077574234,789.757713046887,2105.03438472787
"152",16,"Ridge",0.349774891692008,0.264878179792654,1331.65654785595,1769.01389157517,816.915275277724,2176.23191938267
"153",16,"Log-Linear",-0.122337236123457,0.111833430010011,1749.53263079449,1944.45903331251,90.8231678865804,1422.98227835662
"154",16,"OLS",0.537741154600739,0.402008452025245,1122.80147930434,1595.50845231208,610.299753551497,1791.09561616632
"155",16,"Quadratic_all",0.666300417056626,0.227830775892389,953.97763442413,1813.04185655608,438.45849304646,1772.251193513
"156",16,"Quadratic_correlated",0.594620422572776,0.330522773734784,1051.45646065128,1688.1828749757,489.458772119684,1722.00389401606
"157",16,"Stepwise",0.525601699797144,0.387601764270984,1137.44897367165,1614.61339761331,614.26254241247,1813.28617901727
"158",16,"RandomForest",0.748438688704247,0.462157121443985,828.289747985238,1513.14064685085,797.485604408611,1944.56140209986
"159",16,"Bagging",0.769024167837881,0.480639121608744,793.676700709309,1486.91520569877,818.80819894016,1947.0099135465
"160",16,"ANN",-8.07269925948921,-14.9277308802035,4974.26156845762,8234.3351779284,-4022.42410133879,1986.1472933155
"161",17,"Lasso",0.380028749235714,0.271221122775227,1401.58419127576,1358.72791304781,823.611674202915,1847.47751109433
"162",17,"Ridge",0.373946500911037,0.201271988930679,1408.4425551581,1422.4403611408,841.266168850101,1922.1847436108
"163",17,"Log-Linear",-0.325197164609925,-0.303659076986716,2049.1495919355,1817.2581511891,479.722234860242,1833.99013265399
"164",17,"OLS",0.553315466005274,0.17396912145667,1189.69016888896,1446.54767059342,633.190790397715,1690.00144096653
"165",17,"Quadratic_all",0.683115161440204,-0.82739317242851,1002.03789344078,2151.54586306547,714.06516498614,2372.37552656527
"166",17,"Quadratic_correlated",0.591919679655163,0.149403638517397,1137.1198495358,1467.89965844481,517.452271353025,1554.30958702114
"167",17,"Stepwise",0.530641469897164,0.0854088542646827,1219.51114170319,1522.11724162537,672.273225215335,1808.06139231874
"168",17,"RandomForest",0.793617075096519,0.152912346242401,808.668071819062,1464.8689887488,691.348272616264,1780.53802848187
"169",17,"Bagging",0.796363208112948,0.154651384997399,803.269982686873,1463.36455603951,691.253831580471,1779.07357339606
"170",17,"ANN",-6.54709386043498,-14.9513446827568,4890.1624948426,6356.72258738362,-2035.63165803213,2770.42837438113
"171",18,"Lasso",0.351801329616581,0.47202159181239,1448.38932946034,1075.32686137627,1277.61204441398,2077.47501483158
"172",18,"Ridge",0.316021132581931,0.448189538987677,1487.82753055549,1099.32822379375,1247.92317623229,2070.61426059943
"173",18,"Log-Linear",0.204141037626697,-74.3230095844308,1604.9049050367,12843.8801818102,-403.828684700902,9225.5395641795
"174",18,"OLS",0.570904713313083,-0.299261017941608,1178.44175114548,1686.86612717396,1399.79913206364,2612.00086875836
"175",18,"Quadratic_all",0.608290524610695,-0.448742177474757,1125.93491650696,1781.26266535566,1397.55042193716,2678.27220254789
"176",18,"Quadratic_correlated",0.55795840086327,-0.0865258499232697,1196.08713556855,1542.59686692829,1306.28416763815,2437.35673447313
"177",18,"Stepwise",0.559129840556317,-0.187280759905915,1194.50122887681,1612.53492058199,1403.17684668335,2560.9997068981
"178",18,"RandomForest",0.71277506566301,0.639501556241086,964.144921748502,888.554581442433,1331.17342232517,1985.29548531735
"179",18,"Bagging",0.730971343763228,0.622204360532434,933.105007136652,909.621849679956,1299.29443263035,1975.15002569
"180",18,"ANN",-5.67393186055008,-14.9416428837174,4647.52926169241,5908.79538866528,-1784.89558744509,2716.17538173667
"181",19,"Lasso",0.453743823705779,0.0857332982358545,1317.04070682338,1505.55116947259,1120.30654656392,2271.18677167422
"182",19,"Ridge",0.39200365548447,0.118492380113491,1389.47744737574,1478.33243166116,1114.3418666565,2245.63505885552
"183",19,"Log-Linear",0.133187671476348,0.330233802724754,1659.06559747606,1288.60758024911,735.428214685612,1706.64453989853
"184",19,"OLS",0.528584952236074,0.236489553679786,1223.49652075553,1375.83565762283,960.695928844565,2021.89829806963
"185",19,"Quadratic_all",0.595179910124097,-0.0601460544195795,1133.78849712964,1621.21987730442,858.694274134062,2109.14065803188
"186",19,"Quadratic_correlated",0.534636762256901,0.421774701387536,1215.61780986336,1197.31276779899,1203.73849449577,2118.31607553063
"187",19,"Stepwise",0.513512748525715,0.18573510128345,1242.90160842085,1420.82937055422,1003.24048943278,2098.30389180718
"188",19,"RandomForest",0.732524512538934,0.392028990274312,921.601158250154,1227.72331876036,1214.37252670759,2150.24166493914
"189",19,"Bagging",0.746297580358655,0.401830488486915,897.559654416095,1217.78664188816,1228.06679361085,2155.04116141913
"190",19,"ANN",-6.24029094311834,-15.3674997389674,4794.89418131609,6370.15853059477,-1016.04046757038,3897.19516151354
"191",20,"Lasso",0.353378634433648,0.410106008242235,1315.5232191583,1597.55815870251,1189.86456311673,2415.80609012459
"192",20,"Ridge",0.305220789874351,0.350447576378498,1363.63110757615,1676.39669089046,1102.72321594661,2384.54114166742
"193",20,"Log-Linear",-0.330521711092159,0.21828434523377,1887.05464018831,1839.0523662138,765.092166295263,2126.06842456279
"194",20,"OLS",0.473858399460525,0.55999583287644,1186.65592889388,1379.74263941162,1365.16968807929,2428.12207523144
"195",20,"Quadratic_all",0.54367314760944,0.510506015440116,1105.12525898825,1455.26930998509,1271.46511226857,2389.19775776117
"196",20,"Quadratic_correlated",0.516621284726133,0.53146346907753,1137.41055518462,1423.77518699556,1365.0014043419,2462.50106861108
"197",20,"Stepwise",0.437453375252713,0.501051940017776,1227.02314359151,1469.25561893121,1308.96293044569,2440.12497636968
"198",20,"RandomForest",0.706746914288314,0.602162434085506,885.920574802076,1311.96601615222,1397.96174341761,2408.82523265129
"199",20,"Bagging",0.728110027257581,0.604185630124427,853.041359282435,1308.62577384709,1380.5180592893,2388.01055429433
"200",20,"ANN",-7.11272945619208,-38.5579525195941,4659.68961821691,13082.3749916216,-156.239093211274,9699.3153996473
"201",21,"Lasso",0.364361426341767,0.449323511345876,1426.44380714252,1144.64964195148,1116.29977898763,1997.91812434134
"202",21,"Ridge",0.325497191671723,0.431893486958684,1469.40470720027,1162.62375854208,1105.61099561538,2001.25806764572
"203",21,"Log-Linear",-0.4276345475331,0.438119159980546,2137.75568546244,1156.23582373074,859.499187935911,1738.30603344978
"204",21,"OLS",0.483264877287157,0.616691657229403,1286.126055119,954.989167611718,1320.45097676821,2042.95034651353
"205",21,"Quadratic_all",0.60181532937144,0.16347275189291,1128.99446794057,1410.79644093085,1024.62194448944,2111.36572035877
"206",21,"Quadratic_correlated",0.560044736510768,0.279025045505679,1186.73514620417,1309.73791128442,1022.05720434561,2031.99263304251
"207",21,"Stepwise",0.435832325004295,0.548635523495903,1343.85881709886,1036.30596394874,1151.50075026654,1949.70070433894
"208",21,"RandomForest",0.698244444099669,0.750978569591648,982.827236172602,769.737546492621,1288.82224148904,1878.64205935268
"209",21,"Bagging",0.719595709308969,0.760260491430527,947.418526693419,755.255879571113,1292.98990952626,1871.68960321155
"210",21,"ANN",-5.75413765798404,-9.24885056711753,4649.80242428876,4938.12284930434,-2046.51966310327,1511.21120034655
"211",22,"Lasso",0.4239377757571,0.347791764989972,1323.70013218855,1403.46489333124,1052.67477892079,2134.83596183731
"212",22,"Ridge",0.349927581117538,0.297761369374344,1406.16338086565,1456.29974283828,1051.5622958328,2174.02974749768
"213",22,"Log-Linear",-0.439808193665696,-0.16794396722539,2092.70125192291,1878.10305179704,609.311184740086,2047.05998687437
"214",22,"OLS",0.540258154079839,0.314654187647666,1182.52935758237,1438.67698545643,985.812185074539,2095.40985778907
"215",22,"Quadratic_all",0.674472204171381,-0.594041323281582,995.059275925898,2194.10901761815,801.557801055498,2492.5114146286
"216",22,"Quadratic_correlated",0.555635859582579,0.264153234991358,1162.58419918155,1490.74069417576,930.699148908837,2079.8197286537
"217",22,"Stepwise",0.526261663785809,0.284517664662705,1200.39500330778,1469.96797233115,959.067841395511,2092.61216811357
"218",22,"RandomForest",0.762885683850398,0.248200225709725,849.246570518586,1506.8135259603,898.05467528492,2058.67101355462
"219",22,"Bagging",0.772425100842406,0.276272006577603,831.988059111923,1478.41411450145,924.913352882962,2064.1968436734
"220",22,"ANN",-6.91857647945735,-157.707585007724,4907.70524824708,21893.09976514,-9881.9640804987,6836.57073175927
"221",23,"Lasso",0.372332373478467,0.18306773408158,1428.13351622803,1207.05694272969,1634.20773311607,2261.12867693487
"222",23,"Ridge",0.331034193043878,0.155149183262437,1474.36803592752,1227.50917728032,1602.46265869911,2264.12273482575
"223",23,"Log-Linear",0.224921861564712,-39.3320010478287,1586.99913695041,8481.24518636635,61.7926730774161,6386.05520290388
"224",23,"OLS",0.549648319008995,-0.332537158534143,1209.70601722519,1541.6095705366,1479.75333331107,2442.0263629539
"225",23,"Quadratic_all",0.584680925218837,-0.492707671426516,1161.7023977592,1631.63163098061,1605.95985157923,2577.83465556438
"226",23,"Quadratic_correlated",0.558722337400509,-0.377123270536181,1197.45697729277,1567.18816070832,1575.34492466156,2513.0864159604
"227",23,"Stepwise",0.51606544233182,-0.454544586565823,1253.99921568881,1610.63915538093,1549.57396470694,2532.14642944348
"228",23,"RandomForest",0.707826891781706,0.558478208456574,974.370366222167,887.382388592457,1501.70464648724,1949.99062275269
"229",23,"Bagging",0.730053291118905,0.584263221431207,936.575872019204,861.080901579697,1480.65642253383,1920.43737436583
"230",23,"ANN",-5.93708252398726,-16.3317711994588,4747.79957549918,5559.76208097547,-695.842230927597,3582.05333571913
"231",24,"Lasso",0.355803371036882,0.373898300980717,1295.95389617603,1713.83962423323,954.933409706157,2267.98041865424
"232",24,"Ridge",0.313930954650499,0.323453217242296,1337.40899626672,1781.54441882535,933.315832635513,2299.33914454794
"233",24,"Log-Linear",-0.0039121430103104,0.0553378704520495,1617.81248056331,2105.16427362832,107.453660025951,1542.67151000969
"234",24,"OLS",0.515468817548543,0.416232332124845,1123.93499484563,1654.88476303307,809.212524034861,2051.69621673324
"235",24,"Quadratic_all",0.628994119532167,0.215265776175165,983.491757244528,1918.70865744142,499.076640343521,1902.52853689697
"236",24,"Quadratic_correlated",0.5526173039498,0.40965779604014,1079.99045936948,1664.17753299129,849.70935647054,2107.6822923189
"237",24,"Stepwise",0.505595668800834,0.41217680773919,1135.32829372211,1660.6231842122,821.160597634809,2070.95222152592
"238",24,"RandomForest",0.702658024056451,0.503976001979825,880.457585309202,1525.45388273693,1148.83921982109,2324.09422250144
"239",24,"Bagging",0.718851767961614,0.496727309575723,856.146343489656,1536.5596365999,1180.64348137198,2365.48302472021
"240",24,"ANN",-8.4699160586205,-18.6567582447768,4968.82146632526,9602.92830825262,-6170.15718657672,260.891342444336
"241",25,"Lasso",0.381116163430814,0.525018172421108,1402.26200672298,1057.75052654602,963.634103942901,1777.88899120054
"242",25,"Ridge",0.316894857747251,0.46080987933116,1473.22260643463,1126.9787215231,1012.14354529228,1874.76114822129
"243",25,"Log-Linear",-0.0303771669449091,-0.118671438356693,1809.35052275645,1623.2896815378,543.295719932347,1790.87890605761
"244",25,"OLS",0.506178186405621,0.217819524009097,1252.59228421739,1357.36997621393,1053.57855288929,2080.74008785924
"245",25,"Quadratic_all",0.606643073721468,-0.957610786095616,1117.93871920853,2147.37517318488,1380.62288373692,2905.40807042021
"246",25,"Quadratic_correlated",0.506854051949074,0.5029595564527,1251.73481517928,1082.0332766329,1048.33490043403,1874.1152915121
"247",25,"Stepwise",0.495379472318973,0.124223595791614,1266.21383323403,1436.28747434429,950.197649991353,2047.816614561
"248",25,"RandomForest",0.702104402766793,0.669483967258897,972.874094900704,882.350261405959,1364.71305370928,1982.79333712702
"249",25,"Bagging",0.717994811401418,0.682808685060424,946.570894738064,864.381367605192,1349.7580397668,1959.3261132398
"250",25,"ANN",-6.45013059270965,-26.1263682298761,4865.26544365109,7993.56626494066,-3066.70569727979,3012.74847702363
"251",26,"Lasso",0.326626443880665,0.514493928784354,1424.53339006703,1231.03858480359,1085.71546092548,2034.86721198547
"252",26,"Ridge",0.298899074227269,0.451998259716843,1453.56639808353,1307.87217920844,1075.84100325776,2083.76963778534
"253",26,"Log-Linear",-0.153095551116041,0.602703021821402,1864.13453752447,1113.60702959127,879.483103466524,1720.56718674258
"254",26,"OLS",0.449991853365919,0.69662174831916,1287.4464252634,973.120350601773,1253.77582363233,2000.29881763623
"255",26,"Quadratic_all",0.530619359263659,0.692472075625834,1189.34319306867,979.753021134011,1184.86272779332,1940.03837449821
"256",26,"Quadratic_correlated",0.476286310926091,0.731110924999122,1256.29481547965,916.138029534211,1220.41820047689,1926.10800752949
"257",26,"Stepwise",0.430992206829837,0.633202066350855,1309.49460007019,1070.00984362112,1142.5765474697,1967.58761591228
"258",26,"RandomForest",0.676291027709157,0.742754050104726,987.69299373241,896.083758410401,1321.15588710932,2004.22484502454
"259",26,"Bagging",0.702950626556383,0.757747945207784,946.147671580078,869.577046533412,1386.81207205726,2041.62167286228
"260",26,"ANN",-6.48794752214348,-33.1507417665686,4750.35428267147,10324.627775734,-1752.32227299291,6193.2060201616
"261",27,"Lasso",0.397351818862461,0.458766982001266,1322.5425559512,1383.94400786051,1259.95174096387,2327.34918156415
"262",27,"Ridge",0.314425413794134,0.38981793288609,1410.60391683286,1469.45434739557,1119.07711428713,2248.39000208739
"263",27,"Log-Linear",0.222921196313385,-6.03553639576179,1501.79364339912,4989.70632169979,412.990230428853,4240.8221558638
"264",27,"OLS",0.519031297912675,0.409256269455115,1181.50656363024,1445.85898701925,1459.68372254987,2563.84140811319
"265",27,"Quadratic_all",0.55200195998251,0.500175678859272,1140.29123822559,1329.94925511801,1468.50231383579,2486.03731117967
"266",27,"Quadratic_correlated",0.528896080442858,0.438665363303678,1169.32729980378,1409.40983776666,1358.19696323449,2442.98399469596
"267",27,"Stepwise",0.499121669877176,0.435199203827383,1205.71274529986,1413.75459108353,1504.15554604635,2579.66443361057
"268",27,"RandomForest",0.721094571678967,0.505975712680926,899.717595269782,1322.21027665003,1062.63583783667,2064.83059917586
"269",27,"Bagging",0.744269847019322,0.513019896717455,861.526616890461,1312.7498788653,1066.41327715785,2061.19176450806
"270",27,"ANN",-6.19696456989983,-8.22005608331009,4570.38107426388,5712.06524626775,-1261.92298970478,3089.49015490891
"271",28,"Lasso",0.341343014067813,0.420354025796293,1438.65063024194,1210.16785371224,1157.88396506708,2055.46429634254
"272",28,"Ridge",0.317317236971231,0.37174358192658,1464.65439068541,1259.89011168377,1099.42972797918,2027.02011014241
"273",28,"Log-Linear",-0.352239003235967,0.117168684495568,2061.3532305563,1493.49256656436,724.313424108024,1738.94514419074
"274",28,"OLS",0.482879745944918,0.546373217471933,1274.73955798648,1070.56624095177,1144.43100064953,1906.0790574444
"275",28,"Quadratic_all",0.582346135805573,0.225371493003282,1145.60246920528,1398.9781712289,1120.50572618828,2176.03526241782
"276",28,"Quadratic_correlated",0.520370146489033,0.539644395085109,1227.66194146657,1078.47707540711,1221.68339443926,2016.08859364271
"277",28,"Stepwise",0.480985684846054,0.503984302781542,1277.07192438066,1119.46858502242,1086.49677821831,1874.23847108572
"278",28,"RandomForest",0.716452987517403,0.581971602530842,943.926604857994,1027.70174282811,1168.12169196347,1896.09354708643
"279",28,"Bagging",0.734739166593798,0.629684681365737,912.98208140908,967.275169281912,1205.54333248397,1887.5098100811
"280",28,"ANN",-6.33555637573708,-705.934345700743,4801.11621585092,42262.3596365263,-10394.6174909609,22064.2691604895
"281",29,"Lasso",0.331524344369222,0.382049328585835,1277.6501900269,1802.27398087143,1139.07085187921,2526.48024504917
"282",29,"Ridge",0.290085023996505,0.304464909409098,1316.65603747363,1912.06843229285,1041.88697938608,2510.92858996313
"283",29,"Log-Linear",0.00755038597446778,0.114912940463615,1556.76622069185,2156.93423810064,321.799810413647,1847.22996332156
"284",29,"OLS",0.478049824716828,0.466748703290106,1128.97334880251,1674.20975776301,1042.07007001482,2317.03557938645
"285",29,"Quadratic_all",0.58390032847428,0.296051216354232,1008.01699065684,1923.59854593929,831.359381268714,2284.66933818416
"286",29,"Quadratic_correlated",0.516254976830933,0.455816453896364,1086.86954828883,1691.28427851016,1067.47042697092,2359.67643027233
"287",29,"Stepwise",0.469769464811946,0.422576990907663,1137.89328147293,1742.1716869851,966.825408739488,2288.02397767499
"288",29,"RandomForest",0.692343849083619,0.622105312099204,866.766199321528,1409.38388752521,1332.42687898362,2418.16433873647
"289",29,"Bagging",0.712491279053065,0.608104720645001,837.904797950572,1435.25452498372,1316.69810110304,2422.18429554254
"290",29,"ANN",-8.44735922469361,-7.56526208821156,4803.13043445418,6709.87202223805,331.974927154677,5455.46441868585
"291",30,"Lasso",0.375506930561998,0.39745511932609,1331.06402407151,1517.49326070482,1322.02385906411,2483.45585976279
"292",30,"Ridge",0.325898309517511,0.354538241845175,1382.92249850853,1570.60627715318,1278.89325375135,2483.4898915571
"293",30,"Log-Linear",-0.0446519649501353,0.285106217697707,1721.55517727407,1652.92379036163,604.806952332199,1819.41211821689
"294",30,"OLS",0.502300314433565,0.458703828923764,1188.28008111826,1438.30022394135,1151.23686141482,2260.60302439698
"295",30,"Quadratic_all",0.625138660528892,-0.21594552106706,1031.26543179129,2155.7040081175,1394.95435201041,3014.15841471498
"296",30,"Quadratic_correlated",0.544151151023157,0.253376241459251,1137.22281853629,1689.20739244499,1470.10438585768,2737.91426830675
"297",30,"Stepwise",0.479484083327138,0.431589087592736,1215.21225646092,1473.88389716112,1106.75841008845,2243.18112806508
"298",30,"RandomForest",0.717255137615143,0.620273568786642,895.637966376142,1204.66830563909,1512.91094911097,2421.42998644261
"299",30,"Bagging",0.738480512539847,0.617092699142584,861.364883392944,1209.70337993603,1515.31420309438,2427.13171623462
"300",30,"ANN",-6.75644426961223,-444.336393930322,4691.01122568181,41254.9594529096,-13629.3172310435,18188.3685244448
"301",31,"Lasso",0.41924158457148,0.221624980508266,1326.56904471321,1538.18556232297,888.399423242326,2045.05777694515
"302",31,"Ridge",0.362824413915014,0.224110769230409,1389.50996791538,1535.72745290205,938.585373629785,2101.9751284659
"303",31,"Log-Linear",0.189600839827154,0.0632109545135122,1567.04545523516,1687.46660801996,317.961694610869,1391.29560734927
"304",31,"OLS",0.51613660041329,0.320862386002417,1210.8587634825,1436.78960784437,793.958872473869,1834.33375984005
"305",31,"Quadratic_all",0.590904133696573,-0.580707322403664,1113.3831610006,2191.9973179465,585.544755661739,2249.03525075263
"306",31,"Quadratic_correlated",0.515319531543764,0.53007683121682,1211.88068174411,1195.16458236379,1040.37849626155,1927.43996128647
"307",31,"Stepwise",0.511333761427285,0.347501461405981,1216.85343007474,1408.32879005562,803.649753039985,1819.92367370298
"308",31,"RandomForest",0.705786901505546,0.615273091223341,944.198062612797,1081.41046346037,1148.29696208101,1958.77155573011
"309",31,"Bagging",0.727590269853006,0.605998260324326,908.538657905947,1094.3679245496,1150.33116929436,1972.52685846898
"310",31,"ANN",-6.75466321097801,-17.7361683712433,4847.45262723556,7546.65812294257,-2188.62219256225,3567.83939667842
"311",32,"Lasso",0.383800194126612,0.320953175348456,1298.65779223007,1676.21707785439,583.262107458748,1745.88173020452
"312",32,"Ridge",0.328891925980789,0.285846154061601,1355.28358747826,1719.00163355325,665.808769182134,1904.64569155054
"313",32,"Log-Linear",-0.195261525832638,0.0839876833391182,1808.69533010954,1946.84356648469,189.704538793925,1436.69603525718
"314",32,"OLS",0.524239915896293,0.354847682748244,1141.11114821095,1633.84754721118,534.961031102982,1626.17977564865
"315",32,"Quadratic_all",0.611789780680543,-0.441196569613235,1030.7834309177,2441.97947632105,941.636370881308,2825.1447150508
"316",32,"Quadratic_correlated",0.561597019713179,0.349108389619378,1095.39485329265,1641.09883283635,602.153221049075,1736.37379009832
"317",32,"Stepwise",0.511700991834432,0.313928463232644,1156.05066594472,1684.86496903667,443.501441214365,1538.85756000853
"318",32,"RandomForest",0.740629731426527,0.380771994236797,842.546818495905,1600.68433467593,806.893385963436,1978.4254112552
"319",32,"Bagging",0.760136395373823,0.393086303392147,810.244562313157,1584.6883640303,792.911156898561,1945.14180246025
"320",32,"ANN",-6.94716389219838,-15.0891194764176,4663.80122185321,8159.18044829236,-2674.00690920467,3515.30993046035
"321",33,"Lasso",0.48249148062853,-0.217542256587447,1303.85353052658,1586.95427658282,1102.220687071,2320.09863373354
"322",33,"Ridge",0.411955202137454,-0.0149040066323662,1389.87345873881,1448.88820190789,1125.73004184426,2238.76187123328
"323",33,"Log-Linear",0.353640769927135,-10.6228046813479,1457.15930172076,4903.18028772645,707.176663884846,4408.65028570087
"324",33,"OLS",0.588604136993527,-0.260014013409337,1162.51888189735,1614.39602711455,1059.74817100732,2301.01953071277
"325",33,"Quadratic_all",0.620468144150401,-0.774384600557557,1116.5911272857,1915.78281126087,921.218930178375,2396.59534552467
"326",33,"Quadratic_correlated",0.599156855878253,-0.69297768437348,1147.51213114083,1871.31978508765,1102.97053550793,2531.77107229417
"327",33,"Stepwise",0.572391330152823,-0.234480576059118,1185.20454022219,1597.9549190556,1022.5218476583,2253.27251827357
"328",33,"RandomForest",0.751589879625577,0.225508027378711,903.347190316726,1265.70021223041,1155.05998180852,2128.85077179171
"329",33,"Bagging",0.764421906475134,0.252305156825215,879.70590441687,1243.61108701725,1161.8255726664,2118.63036262538
"330",33,"ANN",-6.01339151056654,-26.7880853844123,4799.92108374451,7581.44004489784,-4557.15100926968,622.2522863865
"331",34,"Lasso",0.416631833730515,-0.091768094791473,1393.40931427873,1285.72864322818,1166.42573338445,2068.06220699644
"332",34,"Ridge",0.364965511203176,-0.0821828866420575,1453.80447814475,1280.0721554637,1229.94461799088,2107.42408890458
"333",34,"Log-Linear",-0.266392289285855,-0.055545413671132,2053.01193826763,1264.21978108969,602.821232246649,1577.91391107578
"334",34,"OLS",0.542132593366584,-0.121828714357123,1234.46053593485,1303.30900474057,1068.98725451939,2010.21149790674
"335",34,"Quadratic_all",0.644508015998859,-0.686923397991805,1087.7328688783,1598.20248229815,966.224829589651,2143.69694002743
"336",34,"Quadratic_correlated",0.572473752046023,-0.120201877416813,1192.85797299644,1302.36365521878,915.216129184727,1888.91613356013
"337",34,"Stepwise",0.529765229806328,-0.132911027136161,1251.02133243455,1309.7307433918,1143.2702781007,2069.01765755564
"338",34,"RandomForest",0.725571753380821,0.339626154107644,955.700364025286,999.951767078736,1132.89862082111,1838.48399615591
"339",34,"Bagging",0.74518216393456,0.33843042709975,920.920748232549,1000.85665495941,1110.35162627319,1822.98917575926
"340",34,"ANN",-5.75341115012894,-29.0447388386333,4740.98893025711,6744.7885107158,-1745.65850695281,3453.7461829556
"341",35,"Lasso",0.451751844143762,0.257640559077713,1198.5201207451,1849.48948306912,906.651337589137,2318.71395710073
"342",35,"Ridge",0.388806231616183,0.214572104018772,1265.45352064242,1902.38279287577,885.54077883169,2338.74961626028
"343",35,"Log-Linear",0.186770372677766,-1.12040567432103,1459.69908494171,3125.74990717182,543.053666857283,2951.97604388108
"344",35,"OLS",0.588838098773745,0.172282790314186,1037.91830750204,1952.92578963902,878.606671918032,2372.54272834977
"345",35,"Quadratic_all",0.707149524275018,-0.312512042592128,875.950785748987,2459.2144187574,579.435380914384,2456.08925451064
"346",35,"Quadratic_correlated",0.575853083554856,0.344784053866713,1054.18030131527,1737.54866576115,927.69494136462,2249.49520866721
"347",35,"Stepwise",0.581904867821498,0.211957628044865,1046.63269007235,1905.54641995914,871.53431419502,2325.71332395608
"348",35,"RandomForest",0.769181246654111,0.385278768695127,777.664519805425,1682.99898718187,1067.95362726915,2360.08827127134
"349",35,"Bagging",0.775733265486807,0.404618061605307,766.547672533763,1656.31363069484,1088.64786076127,2360.88756384713
"350",35,"ANN",-8.40067785653656,-8.3825216317219,4962.90914639819,6575.13289733585,-1501.98032548711,3525.58570471237
"351",36,"Lasso",0.391171805980056,0.414662657036583,1309.81181607381,1502.92101785412,1309.67541540243,2468.03992193942
"352",36,"Ridge",0.325969750111351,0.32480216879527,1378.16501136726,1614.16736053139,1204.33762251413,2449.36931225214
"353",36,"Log-Linear",-0.159916210107141,-0.2427945379127,1807.90179091977,2189.94248987645,1003.58059980485,2692.66870808219
"354",36,"OLS",0.510794288130364,0.322665114109063,1174.10594106513,1616.71982629629,1451.71498861495,2685.17595489373
"355",36,"Quadratic_all",0.625529313370169,-0.132299088294123,1027.23649317936,2090.32406704811,1564.99891617698,3127.51700688992
"356",36,"Quadratic_correlated",0.53377487684715,0.336139043181557,1146.19725021012,1600.5586978881,1235.56138721077,2469.98409915981
"357",36,"Stepwise",0.504258334715701,0.26691119807643,1181.92314339529,1681.94323667808,1450.24841314514,2731.93376269013
"358",36,"RandomForest",0.743488407847955,0.344150317000628,850.188104544223,1590.87185487493,1345.67814080816,2568.86292956247
"359",36,"Bagging",0.761363778367018,0.296062914263695,820.029938096253,1648.16225863045,1346.42485516638,2612.50054015126
"360",36,"ANN",-6.8854860149198,-12.7104814529897,4713.85000333215,7273.76716121734,-1490.80804656429,4105.01419420831
"361",37,"Lasso",0.468935874162041,-0.252124842239209,1330.87350406893,1483.50863107974,1023.67748121133,2150.3075628778
"362",37,"Ridge",0.393099398756687,-0.00523616427078677,1422.72866000599,1329.2305479222,1076.16286621043,2082.84393199299
"363",37,"Log-Linear",0.352263730167035,-18.1707904377291,1469.814083182,5804.78677052867,439.430109645552,4804.07448384979
"364",37,"OLS",0.605667503526408,-0.652979820469779,1146.81821021729,1704.51189861247,1338.23168367242,2562.11893544544
"365",37,"Quadratic_all",0.63597083272667,-1.3724195329697,1101.87260947399,2042.02947699026,1312.07754488747,2785.616997687
"366",37,"Quadratic_correlated",0.607661125288874,-0.902149210827245,1143.91555976138,1828.47300137226,1336.56117514666,2650.09710269895
"367",37,"Stepwise",0.594977811598391,-0.625763317521081,1162.25842845117,1690.42116421327,1298.17388738579,2522.15385639983
"368",37,"RandomForest",0.761482977122472,0.0022750598616319,891.91401104383,1324.25516523698,1101.7984973817,2101.13924213691
"369",37,"Bagging",0.773564055327369,-0.0212259113159563,869.032424039629,1339.76051459304,1080.25453156298,2094.05841470993
"370",37,"ANN",-5.89084135602663,-26.4258969944902,4794.01537002285,6942.99226855296,-2829.19599765505,2391.52650924096
"371",38,"Lasso",0.370114322742698,0.305922699286093,1356.18670144644,1552.29744796773,998.7383694953,2192.82654534727
"372",38,"Ridge",0.342809964687284,0.257478244443962,1385.2689495734,1605.55657799721,979.764277416276,2214.95240627094
"373",38,"Log-Linear",-0.216679410441218,-0.0144322246162056,1884.84956706227,1876.64679361729,396.632117623321,1814.73602498463
"374",38,"OLS",0.534016373901154,0.346837017017215,1166.47099190902,1505.85031697566,829.254480558761,1989.39296712467
"375",38,"Quadratic_all",0.609377579515537,0.379416435403296,1067.99002948209,1467.81444596329,812.981245975074,1942.27118381786
"376",38,"Quadratic_correlated",0.573699084019081,0.308115727428072,1115.69823937634,1549.84316422268,772.870687216324,1965.114813581
"377",38,"Stepwise",0.526579847390462,0.317256493484864,1175.74187273002,1539.57131912645,830.735668923083,2017.39544610682
"378",38,"RandomForest",0.758459177497415,0.331861034374505,839.815498755819,1523.01584983866,795.505581686422,1967.68332252024
"379",38,"Bagging",0.773818976335925,0.341189947157048,812.674621180904,1512.34589399293,774.854902292775,1937.3092550346
"380",38,"ANN",-6.928332828646,-176.198600345032,4811.48960142478,24802.8259903537,-257.43383385442,18004.1725254311
"381",39,"Lasso",0.283786309565315,0.416825696407756,1384.06121316012,1532.82407181782,1128.57439781676,2231.98166903414
"382",39,"Ridge",0.265169633586253,0.368570736964959,1401.93389680541,1594.98085640575,1087.81528481273,2237.33108012115
"383",39,"Log-Linear",-0.395666189100686,0.117873665608611,1932.07850029101,1885.20470960165,706.820214626678,1992.25345973433
"384",39,"OLS",0.480231037010377,0.452280745554867,1179.06883544159,1485.49818837996,1228.25861216124,2318.35738101836
"385",39,"Quadratic_all",0.639727038465033,-0.251852188298217,981.634523379088,2245.79261179677,1053.55507737917,2768.10192368629
"386",39,"Quadratic_correlated",0.559159914522551,0.185499130933349,1085.86173205778,1811.50233577864,986.522679852552,2309.47952100793
"387",39,"Stepwise",0.473797897432045,0.402444781660277,1186.34301778804,1551.60847835506,1141.86134082689,2267.78150399912
"388",39,"RandomForest",0.741676986985139,0.470566693008581,831.21914552408,1460.4905529537,1483.08738034487,2600.0953820319
"389",39,"Bagging",0.752027733502209,0.477030776521824,814.395836652551,1451.54728610338,1472.9000359526,2581.43124247177
"390",39,"ANN",-7.98866612378342,-11.9842842141073,4903.22263996147,7232.72793324588,-2900.24671850618,2330.09944142978
"391",40,"Lasso",0.380920056520147,0.334945459652378,1216.36288425343,1880.20379225042,909.572640299398,2310.2681161246
"392",40,"Ridge",0.321903294543755,0.237817997242711,1273.02112270583,2012.82323814059,866.644853305986,2375.08030244637
"393",40,"Log-Linear",-0.00611664074243845,0.137200093238314,1550.65062544094,2141.56538061922,430.046176092667,1921.10646875485
"394",40,"OLS",0.512161641848368,0.426602142712059,1079.76131873955,1745.8395422045,947.344654733955,2236.29936100217
"395",40,"Quadratic_all",0.603652346224798,0.399061998567786,973.257901884145,1787.27395665345,1014.27314174988,2355.66907577801
"396",40,"Quadratic_correlated",0.559962490866756,0.417088103443395,1025.49758374556,1760.26377807152,1000.44601500937,2315.20261218176
"397",40,"Stepwise",0.500029478590082,0.422272911338396,1093.10527983365,1752.41781118109,946.270675857016,2240.93858908556
"398",40,"RandomForest",0.746685576693985,0.39079489454478,778.071937202084,1799.52572749949,993.406791031211,2341.23688685423
"399",40,"Bagging",0.773553264425601,0.382604024104553,735.652685612669,1811.58280634019,1037.37063384416,2404.18759099491
"400",40,"ANN",-6.63291183948303,-4.03742997634688,4271.05255817731,5174.64789650673,-2135.26568685145,1367.31468824787
"401",41,"Lasso",0.387086596450734,0.332940312999393,1391.11581140155,1311.03260612391,1620.94442860071,2575.80029934924
"402",41,"Ridge",0.347977033750216,0.313298682919117,1434.81257407802,1330.1943090969,1537.76098914023,2524.52142942291
"403",41,"Log-Linear",-0.165322051028264,-0.377038135218092,1918.16830083181,1883.66699861806,856.182043942165,2307.61147358069
"404",41,"OLS",0.547748291301071,0.0950240955790693,1194.96128661159,1527.03732764165,1204.75615272399,2378.63888532496
"405",41,"Quadratic_all",0.651090274117218,-1.1583735090379,1049.59140390819,2358.274995816,1099.84203935678,2900.54906636623
"406",41,"Quadratic_correlated",0.567269464940438,0.238125781459572,1168.88691838048,1401.11177866584,1682.49160228754,2686.68239705093
"407",41,"Stepwise",0.526618765250895,0.209508061510957,1222.55736544496,1427.18367047461,1263.18682601333,2358.38022584408
"408",41,"RandomForest",0.732414170899671,0.494211823653108,919.168817205424,1141.60399966185,1514.01868664713,2368.70725932954
"409",41,"Bagging",0.742953817629486,0.477390284396156,900.884897569781,1160.43250379742,1531.16313975265,2396.41086994613
"410",41,"ANN",-6.46093736713621,-17.7254211928479,4853.56024285236,6946.1945488757,318.384365855332,5583.73397350554
"411",42,"Lasso",0.31438394776615,0.402173703372795,1367.58248764652,1583.95895894502,964.654735679748,2165.33982245443
"412",42,"Ridge",0.303478928861165,0.370448559991707,1378.41557588995,1625.4440618139,982.407185440091,2220.45274118966
"413",42,"Log-Linear",-0.0750167036348304,0.334069245433866,1712.46083817218,1671.74854375591,574.13034012185,1745.8957756776
"414",42,"OLS",0.473152030120238,0.542350156697716,1198.82474255125,1385.87185955916,1112.27818283697,2167.96150887549
"415",42,"Quadratic_all",0.560280020225492,0.452746139783535,1095.2194352458,1515.48218078238,1127.6579356708,2290.95374257574
"416",42,"Quadratic_correlated",0.509789642260079,0.538022146430543,1156.38988432501,1392.40955797987,1154.82334553542,2220.78247079998
"417",42,"Stepwise",0.454890771545585,0.455376075873147,1219.42420009862,1511.836321399,944.001995261163,2079.12205572034
"418",42,"RandomForest",0.73637093812068,0.544386814742449,848.027009014534,1382.78468015451,1187.10197889028,2248.17782492902
"419",42,"Bagging",0.746568265178015,0.553916498620354,831.464172875167,1368.2469788721,1187.4132916916,2236.76783145474
"420",42,"ANN",-7.61760537055778,-3.25826727357496,4848.48820588897,4227.39545174989,-2027.6218815985,543.521768332324
"421",43,"Lasso",0.399282181724445,0.273747684129529,1364.12858953208,1427.32580612715,1063.31783284687,2161.77449061521
"422",43,"Ridge",0.352701388365061,0.247964414841128,1416.02979569426,1452.44116245498,1045.20671689664,2162.61950899457
"423",43,"Log-Linear",-0.535150459599002,-0.361922829613189,2180.69801105862,1954.58968601806,520.856606281757,1987.24240152041
"424",43,"OLS",0.545831903879278,0.30575682956495,1186.11928074632,1395.51709469797,1057.80825001242,2130.61063397745
"425",43,"Quadratic_all",0.630634087208344,0.226112839220033,1069.66666296559,1473.39154572636,1022.66541879971,2155.40761396812
"426",43,"Quadratic_correlated",0.571971020209576,0.300502069185527,1151.48064128509,1400.78850704632,966.594492768659,2035.17151200038
"427",43,"Stepwise",0.522511752672096,0.206268061983496,1216.18991349015,1492.16304713688,1085.40596725859,2235.75605768035
"428",43,"RandomForest",0.729527762211867,0.530405825018881,915.337807694458,1147.73256277001,1063.97492443107,1934.47161325253
"429",43,"Bagging",0.749320255961099,0.50723983059805,881.210524286198,1175.7017123299,1065.12448815187,1959.30130596187
"430",43,"ANN",-6.05548977471962,-15.1528234972262,4675.02176795495,6731.37176217281,-1706.65645651123,3444.89201205785
"431",44,"Lasso",0.430036979332497,0.063629775324745,1394.87567863131,1122.68093213425,1400.44364665421,2150.7206045128
"432",44,"Ridge",0.368402629041551,0.033414397825787,1468.35923481699,1140.65080108134,1424.33011072499,2178.88378532601
"433",44,"Log-Linear",-0.367332248462972,-0.593112956498215,2160.47472785466,1464.38689532615,1080.30522820975,2165.15309243288
"434",44,"OLS",0.55347850262245,-0.721726539551905,1234.62011488739,1522.35043583844,1348.56183579148,2405.87209703709
"435",44,"Quadratic_all",0.679179229947263,-4.51289278196181,1046.51004332046,2724.09545737924,857.631907241386,2895.8419866374
"436",44,"Quadratic_correlated",0.555619160160032,-0.0169916469075939,1231.65712872666,1170.01449421341,1204.8594392322,2049.46932398753
"437",44,"Stepwise",0.548720809644697,-0.719384967475974,1241.18013445455,1521.31487472539,1449.54030327542,2472.24896791191
"438",44,"RandomForest",0.763639328359822,-0.19334693966309,898.255261707533,1267.40644357122,1387.98266147205,2247.86517179627
"439",44,"Bagging",0.781686309270731,-0.246553575751497,863.281925128706,1295.35266617299,1389.53572842402,2269.15757923481
"440",44,"ANN",-5.40457623109124,-25.9621990633045,4675.81545150769,6024.35012409767,-1028.45656244944,3617.82354695322
"441",45,"Lasso",0.352927418819628,0.470441454407117,1413.26687145071,1225.80501956431,1368.34468913845,2311.60376247189
"442",45,"Ridge",0.31685961193489,0.454237603924743,1452.12051493384,1244.41778526834,1298.3067108572,2257.99460986146
"443",45,"Log-Linear",0.23693792238883,-46.9784010189706,1534.71456688184,11667.7547015259,-12.9833947763273,8757.39206368575
"444",45,"OLS",0.556432096929789,-0.146856847234697,1170.11281652008,1803.92721653751,1500.27950106645,2853.2821595901
"445",45,"Quadratic_all",0.596220866616026,-0.678343825961298,1116.3994548316,2182.25186186591,1409.96698858375,3052.74268542106
"446",45,"Quadratic_correlated",0.56901332063121,-0.267107196651038,1153.39908805,1896.14298569598,1600.075707243,3000.97905285605
"447",45,"Stepwise",0.546334536285788,-0.208241208287104,1183.35633312128,1851.57465297872,1531.10886805049,2913.23807923459
"448",45,"RandomForest",0.747165108898714,0.489162124694987,883.417876119541,1203.94306658665,1333.9413476824,2261.99692827381
"449",45,"Bagging",0.766306424413177,0.484900034792588,849.319443817465,1208.95508232574,1310.25491527496,2242.60876266507
"450",45,"ANN",-6.61299368196285,-9.8640429896765,4847.58479543942,5552.13660258165,-3084.17804582825,493.6480737501
"451",46,"Lasso",0.409288848615749,0.438356706025347,1309.92953590887,1412.33083887069,1173.75397234314,2255.28021574251
"452",46,"Ridge",0.329743976448737,0.374412536796845,1395.34214751806,1490.56243426909,1099.80321118838,2245.31508843592
"453",46,"Log-Linear",-0.441148563504129,0.277686322250834,2046.04285750997,1601.65536466667,881.516415796356,2116.37932768831
"454",46,"OLS",0.521191250536708,0.37972364823913,1179.34640837378,1484.22166032767,1443.57948106076,2535.90218732451
"455",46,"Quadratic_all",0.618202873209118,-0.204668455235038,1053.11713165629,2068.42568710419,1543.79964609015,3032.78886031892
"456",46,"Quadratic_correlated",0.548399054723099,0.346719062438503,1145.34881543421,1523.19724759515,1415.46171989315,2541.82609355225
"457",46,"Stepwise",0.511409403528467,0.386390096884774,1191.33225935687,1476.2242438175,1421.1005081701,2512.39462808947
"458",46,"RandomForest",0.731442380658081,0.461543952408387,883.240732092203,1382.86976987112,1201.06573603935,2258.19908335891
"459",46,"Bagging",0.753089914363905,0.452253601356614,846.895382323445,1394.74855054034,1199.46397123107,2265.54390767169
"460",46,"ANN",-6.48863416829667,-13.9116563048467,4664.03345996659,7277.28018118242,-1934.02069743711,3654.11803577153
"461",47,"Lasso",0.386621141422403,0.268681793702546,1389.42455454931,1319.34736267469,870.932998721226,1880.462259202
"462",47,"Ridge",0.351013893068626,0.210251067585562,1429.18440316697,1371.04113279953,938.71485615128,1978.61301330018
"463",47,"Log-Linear",-0.348876892983495,0.0223076366187909,2060.42459648764,1525.4819456596,530.852341714019,1705.36982154883
"464",47,"OLS",0.517131469043609,0.385552364015883,1232.77840928725,1209.33994879746,841.018083958265,1770.8332526729
"465",47,"Quadratic_all",0.600786819012043,0.322329875820781,1120.91583449003,1270.03336496099,654.259636324949,1632.5306785194
"466",47,"Quadratic_correlated",0.56142524514952,0.301801244111328,1174.87694829266,1289.12638061628,820.639610705812,1811.55990797774
"467",47,"Stepwise",0.496617325206521,0.320871916692157,1258.69266164899,1271.39882421246,843.122267147414,1819.27160159152
"468",47,"RandomForest",0.739996371414001,0.343230352598201,904.607684409584,1250.29500859363,796.846349053175,1759.75942365092
"469",47,"Bagging",0.762068839291544,0.379602344722368,865.358830508075,1215.18117900009,796.201298531966,1732.53580274326
"470",47,"ANN",-6.11863182906599,-8.02321681858325,4733.35234690327,4634.32681439934,-1953.04187878741,1437.62268263515
"471",48,"Lasso",0.372797921740745,0.334113021338129,1411.10844428699,1218.70785037735,1077.59932968118,1976.82385860552
"472",48,"Ridge",0.338153419646849,0.26993683757918,1449.55704511323,1276.08488670743,1117.3579437551,2049.14142057493
"473",48,"Log-Linear",-0.397075856893861,-0.390005331516744,2106.04011982133,1760.79007061479,721.375560024461,2068.58152264486
"474",48,"OLS",0.524589684118308,0.228660698338597,1228.54465557376,1311.66242523644,1155.49895075715,2103.67972653193
"475",48,"Quadratic_all",0.632543355600701,-0.160426867772556,1080.0893871546,1608.82288480951,1037.29165239361,2226.45618520962
"476",48,"Quadratic_correlated",0.546952216888943,0.268894136380161,1199.30225757109,1276.99583561951,1105.8935328969,2040.96125521557
"477",48,"Stepwise",0.516280964929899,0.164031688862435,1239.23375737299,1365.50801932299,1166.65428894444,2150.75568887074
"478",48,"RandomForest",0.711046140016569,0.447707438476301,957.791319209444,1109.90023791023,1370.02878988637,2106.39219487193
"479",48,"Bagging",0.737822343178857,0.430636038256737,912.33531336283,1126.92323898869,1363.06837759368,2114.41760388292
"480",48,"ANN",-6.31336893107103,-11.6474736968893,4818.53910219793,5311.3049823009,-809.460918574159,3286.91909882337
"481",49,"Lasso",0.29157946333099,0.511985388254605,1421.93674054981,1351.9265220004,1239.56006997354,2282.32176017691
"482",49,"Ridge",0.274456796262825,0.446952201769618,1439.01838881641,1439.18959059742,1214.19966138262,2324.23673536317
"483",49,"Log-Linear",-0.296471969513748,0.476397911358821,1923.60665216319,1400.35246587318,657.131428889009,1627.2887159512
"484",49,"OLS",0.426823234376637,0.642786321754155,1279.02488191548,1156.64667973498,1217.8944947045,2106.99980856482
"485",49,"Quadratic_all",0.543689995271654,0.367282296941466,1141.20771757496,1539.36521397017,1388.46587404891,2563.80122256965
"486",49,"Quadratic_correlated",0.479335728665524,0.521642038771194,1219.02775254987,1338.48398270078,1211.30576638716,2243.43506567179
"487",49,"Stepwise",0.412897709015568,0.569197045768272,1294.4688142028,1270.21141632269,1274.72698987508,2254.44920628978
"488",49,"RandomForest",0.703933155132652,0.673120940494587,919.241435507035,1106.4460054326,1308.50723993891,2161.74924320904
"489",49,"Bagging",0.719454482698509,0.696648595489624,894.82141958717,1065.88335528458,1296.04577529467,2117.23279732372
"490",49,"ANN",-6.91389910537136,-9.7052604049097,4752.58572351409,6331.91816495904,-100.34800263548,4763.47827820436
"491",50,"Lasso",0.342436488150464,0.484078996605566,1383.85847391633,1349.36330491906,1064.01180974352,2100.40371349695
"492",50,"Ridge",0.301981812314285,0.417478194732956,1425.7920661524,1433.81587559755,1017.03509307067,2117.77686090438
"493",50,"Log-Linear",0.256752591134823,-5.84751640395818,1471.26033378787,4915.90896685332,609.862472612676,4354.06503100705
"494",50,"OLS",0.518345949153036,0.411409241456008,1184.37827602167,1441.26556601381,1293.22857051709,2399.61963671624
"495",50,"Quadratic_all",0.571004927271849,0.50507173435518,1117.76106143824,1321.62553188808,1242.16072574812,2260.95019522508
"496",50,"Quadratic_correlated",0.528625028985878,0.479434569171856,1171.67208681684,1355.42332068504,1161.31923129385,2206.64178413148
"497",50,"Stepwise",0.502329450114548,0.452675286799173,1203.90937172955,1389.8240430244,1347.57977253195,2411.2085497438
"498",50,"RandomForest",0.698448345825986,0.647484225072209,937.138288005088,1115.38954525747,1156.699391648,2011.87363410827
"499",50,"Bagging",0.714591716176934,0.699559236491113,911.708725844221,1029.71424271279,1247.90010407316,2040.70552690531
"500",50,"ANN",-6.14123323811805,-7.08924009742268,4560.46821498525,5343.07357216166,-1186.09609496675,2881.58348788681
"501",51,"Lasso",0.346930153960559,0.412855510172408,1426.79146013893,1239.24736691657,1277.72146961222,2183.7557014931
"502",51,"Ridge",0.318024269439136,0.356969913356698,1458.02558618372,1296.88407330022,1255.38868803198,2207.97368904912
"503",51,"Log-Linear",-0.710621554500225,0.0190843973052393,2309.17929834103,1601.77433723291,789.516606620731,2023.78661769743
"504",51,"OLS",0.498831589559378,0.401928329904371,1249.89211937027,1250.72584878183,1210.59629044016,2139.18890230771
"505",51,"Quadratic_all",0.5870897485985,-0.495173848919015,1134.51049582061,1977.56768291624,450.780897923485,1973.11507117007
"506",51,"Quadratic_correlated",0.537101290500877,0.320784687385803,1201.2230866291,1332.87445372043,981.992366335945,2002.94252557073
"507",51,"Stepwise",0.466410919186634,0.352116950845798,1289.68649546762,1301.76868118121,1255.93083282435,2211.91752362283
"508",51,"RandomForest",0.7280991735398,0.473384218030462,920.631751762697,1173.63335868839,1163.28488597392,2044.60013310492
"509",51,"Bagging",0.742726046616868,0.467228422538964,895.526816855906,1180.47293398598,1149.06400927051,2037.66045323879
"510",51,"ANN",-6.22774795030487,-7.7755648750112,4746.59508312854,4790.96557888492,-882.987381779616,2800.91424154301
"511",52,"Lasso",0.402550167397838,0.226992598210122,1357.13035156267,1483.78956669344,999.610611103421,2133.10537734475
"512",52,"Ridge",0.360494911916331,0.20802639749834,1404.08320193237,1501.88209536986,979.50617915502,2125.57013765858
"513",52,"Log-Linear",-0.286279361771209,-0.227508114138638,1991.30824636606,1869.78931037067,345.702615627651,1660.54232825384
"514",52,"OLS",0.574287696506583,0.171755636667054,1145.58928376069,1535.88865078283,814.339507561907,1961.47900575188
"515",52,"Quadratic_all",0.688024743629965,-0.016524766332894,980.688125245759,1701.52944451524,919.959217813444,2223.30372171367
"516",52,"Quadratic_correlated",0.629700545868421,0.04570401107319,1068.43320687906,1648.62558734085,837.296924343578,2086.28864689294
"517",52,"Stepwise",0.566523244363585,0.172540016439664,1155.98912538551,1535.16120523151,837.219032372182,1988.57943947178
"518",52,"RandomForest",0.811048304356089,0.076270690630145,763.213841947807,1622.00746502963,714.284587097293,1914.70964015493
"519",52,"Bagging",0.816364113035085,0.0578666636787715,752.401443330785,1638.08590083914,739.731353740212,1960.7452091183
"520",52,"ANN",-6.52651496860092,-22.8507238041687,4816.90195197849,8241.97453555114,-1003.8401106697,5345.86137712064
"521",53,"Lasso",0.286085889760648,0.185379865467774,1153.73483604481,2104.21602623941,1243.56902081726,2668.23347923142
"522",53,"Ridge",0.217291895322543,0.0174717626934964,1208.04451700759,2310.92193153907,1010.99884653668,2539.59187498246
"523",53,"Log-Linear",0.279536383328788,-2.97896937802614,1159.0149824389,4650.48290585881,501.280061789382,4048.69926323339
"524",53,"OLS",0.469573428290926,0.265915488827106,994.479096963431,1997.49538364937,1480.2272075904,2900.74486792019
"525",53,"Quadratic_all",0.537861839338681,0.176925014720296,928.25850887611,2115.10754944244,1434.60843537537,2954.22784575806
"526",53,"Quadratic_correlated",0.475064638500108,0.291801859990021,989.31806140008,1961.95998187076,1576.28669880532,2996.47847625348
"527",53,"Stepwise",0.460625882827472,0.266756492996298,1002.83174727958,1996.35084011189,1450.15056806164,2857.49159900832
"528",53,"RandomForest",0.646394893771274,0.465689659718037,811.97430661065,1704.15676692272,1620.9442684899,2799.92427463697
"529",53,"Bagging",0.672871488854424,0.47295699868135,780.984152975368,1692.52767716479,1650.70532110308,2831.06195383548
"530",53,"ANN",-11.0736872805898,-9.20617748926733,4744.63692758434,7448.07964770109,-858.940499412636,4836.43932534574
"531",54,"Lasso",0.439128262152288,0.189387822704424,1313.86791386999,1501.06362712614,844.172112711803,2000.6010123195
"532",54,"Ridge",0.385129489759628,0.120629208347771,1375.66206270622,1563.43042026027,897.62864648237,2098.08444970553
"533",54,"Log-Linear",0.0558983893835998,-0.00309781756897975,1704.62674375767,1669.79894564486,659.555185216621,1947.00790120825
"534",54,"OLS",0.500913299860629,0.437730070376434,1239.38982638232,1250.1581851838,922.257405708794,1885.60997173369
"535",54,"Quadratic_all",0.556352984427792,0.348572183304415,1168.52688975229,1345.63008855822,797.354127986163,1834.94426464593
"536",54,"Quadratic_correlated",0.509879370248233,0.575720406438236,1228.20658054962,1085.97195993302,993.432642748549,1829.69050598376
"537",54,"Stepwise",0.496467941395192,0.390570659437136,1244.89720421667,1301.53010900901,932.173985583169,1933.99205633408
"538",54,"RandomForest",0.728931121859538,0.365053370761621,913.397371930326,1328.49875186414,738.954915219108,1760.76607996682
"539",54,"Bagging",0.744455685931879,0.388202341686818,886.85585918542,1304.05661025934,738.274698040176,1740.52849269819
"540",54,"ANN",-6.13954576919557,-23.906902215538,4687.65044900093,8320.55695231909,-1565.83512745136,4848.01212324748
"541",55,"Lasso",0.32782177780206,0.478538033238517,1474.47793911495,1068.63245887349,1302.04125844804,2089.61848943481
"542",55,"Ridge",0.302459526034739,0.453401474819509,1502.03746835916,1094.08551937791,1261.48076060633,2075.61670285278
"543",55,"Log-Linear",-0.308570503427313,0.409377620748004,2057.28577667768,1137.29201942352,612.113474922755,1446.42019436921
"544",55,"OLS",0.483677428299472,0.470399173660687,1292.27997866095,1076.93965614499,1068.58613867136,1895.55317133104
"545",55,"Quadratic_all",0.601118644906409,-1.80532072925433,1135.84201302127,2478.61060003709,-184.859092060348,1661.65040266502
"546",55,"Quadratic_correlated",0.502124825989001,0.582398168905422,1268.98443688554,956.308992007408,919.725874702006,1653.7834408805
"547",55,"Stepwise",0.469988626820052,0.511051639466759,1309.29845292721,1034.78122278353,1152.96937066381,1940.74497071818
"548",55,"RandomForest",0.692114786048364,0.787081562946992,997.907936264736,682.847426541479,1271.27697774661,1785.48669535762
"549",55,"Bagging",0.709485996283033,0.815095201280337,969.347726508497,636.342798252202,1262.60498297592,1744.20091646714
"550",55,"ANN",-6.01878855563103,-39.6856072143274,4764.60760802532,9439.2490146257,-2839.59188708822,4426.97837369829
"551",56,"Lasso",0.329934407116938,0.328393668966815,1375.21998032544,1582.38264825285,1017.0466948782,2200.27076986083
"552",56,"Ridge",0.330745917938356,0.294053327113458,1374.38696934201,1622.33324969941,980.778346487334,2191.33384269933
"553",56,"Log-Linear",-0.994295905284793,-1.61874395562346,2372.51142948953,3124.64469200321,1573.4387086143,3913.69836310114
"554",56,"OLS",0.539479283391128,0.350678667642052,1140.08728042202,1555.90815408008,1345.3781042578,2544.81329406456
"555",56,"Quadratic_all",0.670927747759168,-1.39273378773504,963.738361413731,2986.76678083647,1651.1421276793,3877.52963082693
"556",56,"Quadratic_correlated",0.550401093329505,0.402572053304791,1126.48687951785,1492.44002765763,1313.49871818001,2461.55152357948
"557",56,"Stepwise",0.529058933600198,0.351892290983176,1152.91368953854,1554.45342780201,1164.38615811935,2348.96641159096
"558",56,"RandomForest",0.776943327636602,0.307665228094254,793.452849239052,1606.61639088147,1104.85518722684,2324.8276385651
"559",56,"Bagging",0.793678245563646,0.303566874794222,763.108033573843,1611.364647213,1157.85550341023,2388.70916161347
"560",56,"ANN",-7.76620701459368,-30.4342031275691,4974.15570399065,10825.6840731185,-385.654603876517,7856.02996554021
"561",57,"Lasso",0.355997487151126,0.463214924866608,1440.99692968991,1112.32916966875,1575.74191084295,2410.64705597661
"562",57,"Ridge",0.34219537172072,0.390053781752778,1456.3566288525,1185.71108958835,1547.93940530955,2440.71410577484
"563",57,"Log-Linear",0.21219185634155,-64.3324478200636,1593.78416437665,12271.4978424098,848.916430188373,9889.97783503189
"564",57,"OLS",0.589120463079321,-0.507775026179785,1151.00319930829,1864.2381150995,1948.99737604745,3228.15739156787
"565",57,"Quadratic_all",0.614741458572878,-0.952526443364748,1114.53936596587,2121.44400119768,2007.66197212409,3453.44811580247
"566",57,"Quadratic_correlated",0.573033873746169,-0.555867229906186,1173.31868037804,1893.73574644282,1860.23593927163,3188.66520129153
"567",57,"Stepwise",0.583810453961161,-0.4844972450246,1158.41682897567,1849.79162232814,1921.90177934417,3199.45196385843
"568",57,"RandomForest",0.736250669166653,0.417824884286726,922.178425713199,1158.40368211912,1827.99234098584,2635.85966076885
"569",57,"Bagging",0.755310389432941,0.396060882140133,888.233276410847,1179.85786081303,1889.95551484929,2693.22709947875
"570",57,"ANN",-6.38470703856491,-368.770113741644,4879.6189583388,29194.3636698067,-8437.62872651189,14065.173897857
"571",58,"Lasso",0.337786380130313,0.341218912452413,1372.5086279254,1575.45762205765,1073.00455902439,2279.37471412362
"572",58,"Ridge",0.32453192394257,0.300497371144629,1386.17621604836,1623.41980451346,1085.33758650301,2326.07836280507
"573",58,"Log-Linear",-0.120186411798809,0.348302082805116,1785.09436465023,1566.96512499186,485.242717018236,1649.78919536174
"574",58,"OLS",0.495380466468173,0.507133432898434,1198.11376497615,1362.70184506644,889.275903627216,1938.85128923946
"575",58,"Quadratic_all",0.580882182137078,0.498216950621763,1091.90307990522,1374.97295989236,868.180009743544,1926.47037733249
"576",58,"Quadratic_correlated",0.522973746344807,0.513082607917918,1164.89604194405,1354.45258964099,963.605908403807,2008.31859824678
"577",58,"Stepwise",0.489546978146009,0.477343405155389,1205.01906597171,1403.28014870686,885.255495177822,1966.60969286199
"578",58,"RandomForest",0.746865096672807,0.47676391603913,848.578540281459,1404.05786805809,1050.1147311573,2130.15479516982
"579",58,"Bagging",0.758155134766774,0.480550716047236,829.439023774267,1398.96787005129,1041.87661574205,2118.51994460941
"580",58,"ANN",-7.32472952195824,-20.727472557602,4866.324827452,9047.75369289174,-420.493676082043,6457.47493641447
"581",59,"Lasso",0.38648747551946,0.447256021274592,1412.1690601928,1083.22985087589,962.012831529601,1797.51631966943
"582",59,"Ridge",0.326692959426208,0.36378421819833,1479.38616698089,1162.14636533275,1001.12229415384,1895.68243100105
"583",59,"Log-Linear",-0.18175968088366,0.0532690209917109,1959.92548440965,1417.65940529551,307.193841265581,1309.79049384878
"584",59,"OLS",0.499152271220135,0.523616996888515,1275.93288261138,1005.62656719759,923.971091123697,1698.09128988358
"585",59,"Quadratic_all",0.586565232682322,0.413850950749635,1159.253653463,1115.48219287102,821.160023857986,1676.07123501517
"586",59,"Quadratic_correlated",0.538832391881995,0.454124488379963,1224.34658238561,1076.47863638092,793.810312283947,1613.62484296772
"587",59,"Stepwise",0.470913155495647,0.506805687411803,1311.40989788654,1023.21674599041,975.007601916963,1764.22422647537
"588",59,"RandomForest",0.698739029758623,0.679632461644242,989.569749766869,824.675061311427,967.26270764434,1599.46934241181
"589",59,"Bagging",0.71776914490429,0.705194773644628,957.805268092158,791.090553475211,989.759116825133,1596.72892806746
"590",59,"ANN",-5.70407042589745,-10.4678243699286,4668.14416268792,4933.99978090289,-2245.82215017202,1279.95022137772
"591",60,"Lasso",0.420899733071434,0.224056698981339,1335.34059555949,1492.55304498261,1369.93058867763,2483.12937011943
"592",60,"Ridge",0.361383233212238,0.241988917714577,1402.28189849331,1475.20562042541,1302.29959084434,2414.3651794629
"593",60,"Log-Linear",0.249646609195251,-35.7107111799165,1520.01577202452,10266.2344909059,-39.1325534016032,7682.41630665819
"594",60,"OLS",0.575870007541784,-0.0484270852314239,1142.78534394573,1734.93774991309,1424.5004153127,2701.86066745669
"595",60,"Quadratic_all",0.633816263376276,0.0638179796630124,1061.85372669259,1639.43774172871,1356.08591595873,2578.19037260055
"596",60,"Quadratic_correlated",0.591538929564025,0.206871646999823,1121.47734591134,1508.99054464539,1318.41429689479,2452.50179302237
"597",60,"Stepwise",0.575471532347809,-0.0677763926851425,1143.32204815569,1750.87417975348,1447.62084887345,2731.39862609581
"598",60,"RandomForest",0.740998268326826,0.430039085488465,893.030935333646,1279.19666379545,1303.73720883767,2272.5717003337
"599",60,"Bagging",0.756143424642795,0.362116883591767,866.527609375835,1353.27274263516,1309.65647758644,2331.73723500692
"600",60,"ANN",-6.57118853724205,-19.8350908102744,4828.33283654177,7734.14802076029,-1134.86988332738,4826.13647295523
"601",61,"Lasso",0.351459481142143,0.553854242588835,1404.89656537754,1133.04286926192,1197.82622897605,2037.48569624629
"602",61,"Ridge",0.29348886320131,0.40040571685024,1466.3420855372,1313.52003039972,1177.19485088321,2151.35903576939
"603",61,"Log-Linear",-0.0816870799375191,0.383443703593773,1814.37316776396,1331.96964269149,578.13605508747,1591.5783078025
"604",61,"OLS",0.473706606521761,0.568233080853381,1265.5804358796,1114.63490921078,1071.03209502857,1918.04119431651
"605",61,"Quadratic_all",0.55560374624757,0.506829297402756,1162.94985270483,1191.26009139487,846.244221322835,1765.08232402187
"606",61,"Quadratic_correlated",0.494921147542165,0.596652817686547,1239.81071660146,1077.32682047106,950.578704562953,1780.16581884894
"607",61,"Stepwise",0.462643894082779,0.525851226698782,1278.81254342166,1168.06032814396,1021.83724348055,1913.81655943007
"608",61,"RandomForest",0.675588099244303,0.793288356803926,993.628825832167,771.241566108959,1364.76523694413,1902.38481207201
"609",61,"Bagging",0.696666246590185,0.805566774930936,960.807009878744,747.98553302511,1369.43693542604,1888.81294175738
"610",61,"ANN",-6.71935528633744,-34.3282300825264,4846.9250980253,10082.5154989579,-5210.99314026652,2265.17671343515
"611",62,"Lasso",0.448036709467805,0.188804929441618,1281.01017993017,1635.37992834718,515.093380546555,1702.27462805979
"612",62,"Ridge",0.390214256757791,0.229771815128479,1346.4372454235,1593.55007489888,643.657461285131,1828.17558535039
"613",62,"Log-Linear",0.0525447750763353,0.314677115093891,1678.32796510988,1503.15452631126,503.719568929183,1555.81519552523
"614",62,"OLS",0.500746450767551,0.470234481183679,1218.31071543794,1321.59338311484,868.669162149679,1862.14909631009
"615",62,"Quadratic_all",0.578257426167972,0.262913026325769,1119.75034665121,1558.88967212016,584.302909247464,1720.85927983642
"616",62,"Quadratic_correlated",0.524228557471938,0.464994832433378,1189.31437678617,1328.11291568869,807.935234039101,1793.88211581708
"617",62,"Stepwise",0.483449416112857,0.380172215277422,1239.23568792271,1429.52426603484,747.91542348592,1810.3911987123
"618",62,"RandomForest",0.712555545178256,0.567042032160177,924.430894056169,1194.75506404818,1019.44647611765,1929.64672156425
"619",62,"Bagging",0.731204261435295,0.554632493606737,893.94062279141,1211.75627063206,1038.96406858362,1965.51958459935
"620",62,"ANN",-6.34256746850616,-24.7685430982845,4672.20033691483,9217.2410277166,-3810.42653252765,3129.27836950357
"621",63,"Lasso",0.424569675650769,0.354890479878168,1223.38206870969,1740.80540025687,1190.41969612883,2533.09190123214
"622",63,"Ridge",0.338733988878129,0.288438633810656,1311.4563449279,1828.26725069663,1073.69516791022,2482.84083952294
"623",63,"Log-Linear",-0.413723522316251,0.0918614194645939,1917.55566636635,2065.42563471519,764.052408957981,2340.74077045552
"624",63,"OLS",0.524496084793064,0.451522329175133,1112.09730129722,1605.14021480342,1201.78312321463,2439.67589447229
"625",63,"Quadratic_all",0.601721675528494,0.469922153913344,1017.79209618447,1577.98665726979,1265.09699974355,2482.06681488842
"626",63,"Quadratic_correlated",0.575122285220686,0.424161080575242,1051.22992315105,1644.68982998567,1358.33442424052,2622.16470006888
"627",63,"Stepwise",0.505866076395222,0.423335576789421,1133.67370486311,1645.86829447993,1224.5724086288,2494.02988963224
"628",63,"RandomForest",0.750352631364428,0.417030683959056,805.80365819345,1654.8412888309,1149.36617261468,2424.90798628854
"629",63,"Bagging",0.76881419275264,0.419334983944475,775.436648431405,1651.56750899998,1139.25960299956,2411.91433553144
"630",63,"ANN",-7.77382119286513,-16.2002557542408,4777.05375112465,8988.78415696856,-3930.32694074071,2742.07346176135
"631",64,"Lasso",0.440558124418498,0.299425323240058,1211.17486188458,1744.40980050763,1537.80416055455,2882.52648329884
"632",64,"Ridge",0.343433844240229,0.229992800892783,1312.1050557497,1828.81044396019,1246.82938205318,2648.6753278309
"633",64,"Log-Linear",0.281778891085586,-101.848702355572,1372.32964592967,21135.898209501,-560.735413088871,15242.6469328647
"634",64,"OLS",0.636688998738045,-0.157535370378693,976.042294376238,2242.27273257064,1717.94494237289,3417.34497927794
"635",64,"Quadratic_all",0.674068050964696,-0.63034113371616,924.470015315318,2661.09600774501,1752.4418897562,3751.94384124636
"636",64,"Quadratic_correlated",0.634015086074393,-0.130401624314272,979.627469895383,2215.83637214817,1637.04728135249,3326.99403729887
"637",64,"Stepwise",0.635383010563945,-0.17570662081665,977.795002397975,2259.8040485467,1711.5726286193,3424.6639956521
"638",64,"RandomForest",0.780735827522611,0.228056497935327,758.251363428123,1831.10841447832,1381.37770123414,2792.88129284575
"639",64,"Bagging",0.803080256013072,0.223822595330003,718.578127926084,1836.12311652742,1371.9152018415,2787.07146099734
"640",64,"ANN",-7.43125309986714,-26.079622287899,4701.92206246315,10845.3257659489,-1730.93283074188,6631.07714546286
"641",65,"Lasso",0.342785536257502,0.0663064218816892,1221.25802775809,2107.707872334,797.994809510469,2142.17633924755
"642",65,"Ridge",0.321543194074665,0.0326233379195412,1240.83769099324,2145.38892650261,792.035900562715,2179.06048549057
"643",65,"Log-Linear",-0.104452718620505,-0.368477244756185,1583.16959084195,2551.68477231705,174.704477621516,1589.95732793863
"644",65,"OLS",0.537454869113415,0.203072595571045,1024.54474936438,1947.23161665166,848.538596816588,2017.57260543176
"645",65,"Quadratic_all",0.664133215081145,0.148353149761419,873.046556420182,2012.97325159456,880.280460538482,2163.18575378767
"646",65,"Quadratic_correlated",0.604565025494739,0.162405101393576,947.308456561001,1996.2974110537,906.324171380715,2186.58028784512
"647",65,"Stepwise",0.53159243650179,0.15899345635633,1031.01699642701,2000.35888340515,779.269082280095,1961.65123110716
"648",65,"RandomForest",0.758138978352769,0.225389660564858,740.861141939908,1919.77298744322,988.308477547876,2229.66753557384
"649",65,"Bagging",0.774232953570554,0.211505570955652,715.787567520997,1936.90154853873,975.950879598028,2230.06633890703
"650",65,"ANN",-8.58679968854988,-16.3173510600809,4664.34538697308,9077.13850620381,-3106.57832584486,3648.90288092779
"651",66,"Lasso",0.418354703186749,0.173571104411816,1372.03445118161,1347.01340938248,1045.63471584075,2077.32610646587
"652",66,"Ridge",0.360869932704169,0.159145214642525,1438.23724306916,1358.71907457758,1095.34518957139,2130.66601676837
"653",66,"Log-Linear",-0.43454636007459,0.133660370383305,2154.73169527069,1379.15558617872,362.220521105789,1336.81408172401
"654",66,"OLS",0.540305181827259,0.179019459470404,1219.74967261637,1342.56587416635,608.261419979913,1619.64708728845
"655",66,"Quadratic_all",0.614965879734074,0.0385596708974394,1116.31179735453,1452.88198897283,497.820323061125,1583.15632455767
"656",66,"Quadratic_correlated",0.569806986322983,0.250612487909045,1179.96080819277,1282.69203550736,824.358929628782,1811.58316510215
"657",66,"Stepwise",0.524273212493985,0.181522170633901,1240.83692671024,1340.51794545302,638.148698444362,1652.97928610396
"658",66,"RandomForest",0.747113630683181,0.199901887024035,904.687556240391,1325.38116750119,1048.58825772732,2063.95277867664
"659",66,"Bagging",0.76913166843492,0.265683880766776,864.406628052571,1269.72801865535,1005.70850990601,1982.5063498062
"660",66,"ANN",-6.31500694291467,-1269.24433664092,4865.67702007374,52809.5912386582,-4443.5863547517,34871.5833954701
"661",67,"Lasso",0.415644329296842,-0.148796860587462,1438.28707400678,841.092355186421,990.099130973994,1605.93453091674
"662",67,"Ridge",0.352234378071101,-0.179274826229149,1514.31384755892,852.176550580806,1146.43375102898,1725.76040542135
"663",67,"Log-Linear",-0.180808230129755,0.405182097939233,2044.54480233529,605.221128544043,664.977205918189,1118.83708683192
"664",67,"OLS",0.504418354216907,0.133661878279289,1324.53839770293,730.408432075465,971.73447397283,1511.73429147331
"665",67,"Quadratic_all",0.589017937283116,-1.14309571583866,1206.19737712845,1148.79582785838,1033.83074472654,1860.48414682428
"666",67,"Quadratic_correlated",0.532341418396091,0.12022604723192,1286.68251730217,736.050505820953,1021.34373941477,1554.13387683472
"667",67,"Stepwise",0.489908790573798,-0.225538787095517,1343.78833136162,868.731553563676,904.096629977773,1556.72686857959
"668",67,"RandomForest",0.724487407851448,0.167785552141159,987.592248190967,715.879112792009,1114.82785283745,1606.05556425092
"669",67,"Bagging",0.741110561784109,0.0470330674645407,957.33538710857,766.056816133281,1044.32739054637,1592.77527748697
"670",67,"ANN",-5.48375894055625,-168.176492972335,4790.93607253934,10206.8580393727,-281.673112800997,7351.02428711182
"671",68,"Lasso",0.39252924602685,-0.125432500790595,1468.27928363201,928.78429711709,1298.08979836002,1927.57303528545
"672",68,"Ridge",0.359476522178027,-0.177560369085533,1507.695056017,950.05058198511,1343.76392016622,1972.23554947024
"673",68,"Log-Linear",0.201254947353159,-116.50072913593,1683.64325487722,9490.20117142048,-444.314289440506,6716.72517936033
"674",68,"OLS",0.59182119867056,-1.9648673368546,1203.56959297634,1507.50156138085,1098.97529429739,2201.06889570001
"675",68,"Quadratic_all",0.617760726957214,-2.8461797437846,1164.69882519501,1716.99854039638,1186.08280710042,2417.36676550608
"676",68,"Quadratic_correlated",0.593041883786888,-1.78077322091048,1201.76856907649,1459.94980382208,998.86577415481,2087.43307703233
"677",68,"Stepwise",0.574361838075077,-1.74522702127123,1229.04069665862,1450.58863425272,1195.48070119685,2232.5122238079
"678",68,"RandomForest",0.746772355141783,-0.169097247802005,947.985167152258,946.630421019971,959.417602481984,1680.29359841704
"679",68,"Bagging",0.766940254146134,-0.316847823183359,909.451656755939,1004.66884039557,922.401462576948,1690.10127940889
"680",68,"ANN",-5.29025272355425,-48.3870012391333,4724.76303013534,6152.63945572736,-858.142701731211,3880.17634207785
"681",69,"Lasso",0.498219791875628,0.0745785168442381,1213.75204404906,1779.1261278019,957.038966256075,2325.43423063732
"682",69,"Ridge",0.418578341688861,0.0820726075444559,1306.52827654345,1771.90777633555,931.927327916224,2292.87431117212
"683",69,"Log-Linear",-0.108228023369958,0.0182177736257609,1803.79747459665,1832.50231466523,485.553800419126,1814.25892709997
"684",69,"OLS",0.575348080868167,0.229134050685691,1116.57977283969,1623.77698035465,864.269850088103,2095.90788370538
"685",69,"Quadratic_all",0.642479108949552,0.218847446775649,1024.52821386,1634.57509430757,926.924516025916,2175.86347613295
"686",69,"Quadratic_correlated",0.607368907985566,0.233466465836317,1073.6569867981,1619.2075813491,1009.04407547905,2253.03089302562
"687",69,"Stepwise",0.56839064684783,0.177413341298177,1125.68954976911,1677.3657843349,823.865671960953,2094.53142729831
"688",69,"RandomForest",0.801037407130166,0.0191371728403628,764.291318747138,1831.6440816654,704.342297266033,2086.47302993599
"689",69,"Bagging",0.824783445932444,0.0432391547646781,717.233850212289,1809.00032955122,674.862560588765,2031.76382960925
"690",69,"ANN",-6.48620254503903,-8.58130904199528,4688.17697080459,5724.65571858344,-2208.68895039597,1956.25369831858
"691",70,"Lasso",0.359896313488649,0.580332088208363,1376.34425847293,1185.78171757207,1570.51855257932,2441.18602999625
"692",70,"Ridge",0.291115552601467,0.51798114311781,1448.40373286455,1270.81953555791,1401.3298886828,2363.90909710448
"693",70,"Log-Linear",0.146653793472861,-9.51229368558432,1589.14871994155,5934.72515286659,917.237954309714,5348.17674208507
"694",70,"OLS",0.518987258318273,0.290629314998327,1193.10921951256,1541.65958247429,2025.25017017656,3005.50760011346
"695",70,"Quadratic_all",0.603827445273041,-1.10768555237562,1082.78967111731,2657.38682453141,2167.09704924541,3911.01051351469
"696",70,"Quadratic_correlated",0.504895591646202,0.393839339513592,1210.45962458081,1425.10131842184,1759.55952723536,2751.87379089496
"697",70,"Stepwise",0.506939018673311,0.296850700247332,1207.95909809228,1534.88429513932,1974.42554487939,2970.42194534143
"698",70,"RandomForest",0.694798012661958,0.719853886137002,950.376283277699,968.822395139272,1662.26547037449,2354.29328596177
"699",70,"Bagging",0.711788225078789,0.726302370101723,923.544383048539,957.607164039233,1690.05926097523,2366.20857848832
"700",70,"ANN",-6.78559869883968,-17.7817742244122,4800.07384462782,7932.6843928135,-3969.20203742103,1772.54045835525
"701",71,"Lasso",0.376597518613337,0.395524729735235,1467.95631447483,908.076148832265,1158.34929534656,1857.57204842107
"702",71,"Ridge",0.337104474905876,0.368512075895452,1513.74043438366,928.144348883636,1173.96056183218,1887.46849139827
"703",71,"Log-Linear",-0.310203581355085,0.060614753368836,2128.13051581459,1132.02200058146,513.72788969336,1271.50500420843
"704",71,"OLS",0.509578972323929,0.413044635975314,1302.00727133397,894.819701888887,942.265376362785,1619.24344168287
"705",71,"Quadratic_all",0.615208596099553,-0.554932355029587,1153.29802647901,1456.42709550932,589.802693173717,1686.24206105722
"706",71,"Quadratic_correlated",0.536152634345391,0.437782210439565,1266.24112761874,875.760375789819,891.355302636212,1541.27211084881
"707",71,"Stepwise",0.500066529001127,0.210834154383133,1314.5738085473,1037.56936481842,833.435597866143,1613.55598851466
"708",71,"RandomForest",0.744030524648471,0.360368419263029,940.638948280194,934.109843974401,1020.04582727465,1738.15883367138
"709",71,"Bagging",0.760555255550854,0.298362762060992,909.769813570676,978.338884051936,1019.38770984325,1772.62439043574
"710",71,"ANN",-5.63263731818531,-72.0322277516652,4788.19681225214,9981.37273965796,-3202.90329912342,4469.78018532187
"711",72,"Lasso",0.414400616246739,0.35770638844338,1294.1675411067,1549.52773670583,963.607219077745,2157.10659084553
"712",72,"Ridge",0.339488339014754,0.300208834562271,1374.45473649001,1617.39755051932,984.590384844039,2231.83786221837
"713",72,"Log-Linear",-0.292472922328912,0.10478968602226,1922.65306334829,1829.34278538132,433.984621156876,1783.61744301496
"714",72,"OLS",0.542326355579806,0.355279856100079,1144.11096950514,1552.45197148865,763.239609573627,1939.43195632253
"715",72,"Quadratic_all",0.647854662611228,0.22742387614167,1003.57808435479,1699.42966324809,863.486913100004,2170.71629436899
"716",72,"Quadratic_correlated",0.562912253265235,0.419837867589005,1118.08420797128,1472.67611345498,897.996522478477,2025.30471176936
"717",72,"Stepwise",0.540019185686059,0.333517911643593,1146.99112230823,1578.43533494953,756.02612609762,1953.07860577861
"718",72,"RandomForest",0.743677424003563,0.406608838558213,856.216567666251,1489.37167440282,965.479304234052,2111.45458105776
"719",72,"Bagging",0.7617441361688,0.368149696104179,825.4903422665,1536.87891610977,982.441882277432,2166.70683112791
"720",72,"ANN",-6.99212273962475,-11.4166091359898,4781.02781240496,6812.9320652057,-2872.81320905162,2149.63502988184
"721",73,"Lasso",0.382084939792152,0.337002337535952,1285.59540261111,1715.16865084334,1019.30330562805,2339.77734124514
"722",73,"Ridge",0.345820911055485,0.318472593039374,1322.78191730493,1738.97161947024,1056.48012409279,2397.04733650981
"723",73,"Log-Linear",-0.374967405502878,0.0606186458860242,1917.72408252621,2041.60537022227,390.429406154159,1883.98951056143
"724",73,"OLS",0.556918548919302,0.316157744019065,1088.63352686584,1741.92237708069,972.714868900465,2311.82229683393
"725",73,"Quadratic_all",0.704583266843602,-0.0509265603622859,888.90933326613,2159.41948463484,1107.3746031733,2768.73973435257
"726",73,"Quadratic_correlated",0.573059541528578,0.389781336329286,1068.62068544389,1645.4836632407,963.678146522038,2224.36256610529
"727",73,"Stepwise",0.540332859694356,0.266397603224196,1108.82152998491,1804.18555928482,967.194134082561,2355.56544339978
"728",73,"RandomForest",0.744246335987946,0.396197473995108,827.086348658977,1636.81009319135,1226.05320758236,2487.31503026691
"729",73,"Bagging",0.752732440585091,0.401323218482344,813.248913443197,1629.84775736336,1214.64462828757,2470.96186582616
"730",73,"ANN",-7.85850744503284,-10.8555431518525,4867.65957559363,7252.89782555057,-319.651272905066,5249.92607929231
"731",74,"Lasso",0.294873963101169,0.581212136066263,1457.19235963174,1126.0687460893,1436.6722742296,2302.91385056188
"732",74,"Ridge",0.274449605855388,0.533183868609866,1478.14589278511,1188.88757575912,1384.30486696497,2297.29816636207
"733",74,"Log-Linear",0.274600287016531,-20.9799829667799,1477.99239531171,8157.95934583895,204.117776711167,6409.13346640085
"734",74,"OLS",0.519184768926979,0.0121285744404486,1203.29640197668,1729.49006964448,1263.41334757732,2597.29518806396
"735",74,"Quadratic_all",0.560709980151239,0.139574058532365,1150.16243229544,1614.07833720518,1101.99668888587,2333.80508664605
"736",74,"Quadratic_correlated",0.510541845535153,0.275895885443247,1214.06319647011,1480.70440573355,1486.05855802885,2625.34472269341
"737",74,"Stepwise",0.510610865146002,-0.0284030598389005,1213.97759454192,1764.61327087174,1203.06322703409,2563.10325412721
"738",74,"RandomForest",0.687976146305845,0.810075705260199,969.342842714517,758.32979897876,1750.87636662953,2331.71568667785
"739",74,"Bagging",0.701604394911189,0.828372141590836,947.937536798477,720.8779682322,1790.52194465571,2339.65718642474
"740",74,"ANN",-6.75099380451736,-24.4353110216966,4831.27996251869,8775.79333372208,1576.60852058533,7984.3072691633
"741",75,"Lasso",0.341806263301242,0.580723911570648,1455.80155969046,982.848479951768,1268.14379131397,2017.18074511431
"742",75,"Ridge",0.302379007117999,0.524656877706218,1498.77029913105,1046.50216242459,1227.70879064508,2027.98716789594
"743",75,"Log-Linear",-0.356491520552209,0.508392826626718,2089.94015017342,1064.25482666492,758.657172159673,1535.41801667211
"744",75,"OLS",0.469024372978669,0.696601201391555,1307.56293383927,836.071561085947,1319.79247912289,1954.75549313713
"745",75,"Quadratic_all",0.581272091691004,0.261392862209914,1161.15784723205,1304.49756556461,1455.77846262329,2403.44552730895
"746",75,"Quadratic_correlated",0.528898610739567,0.500454939241807,1231.63635613971,1072.81257987694,1252.21626414984,2069.29954859641
"747",75,"Stepwise",0.448464603893958,0.696155398677961,1332.63741548578,836.685581570933,1211.707634798,1856.21591911864
"748",75,"RandomForest",0.704582592720964,0.732301556858853,975.3115084424,785.343123785794,1225.32022013295,1830.40992616832
"749",75,"Bagging",0.724176492607823,0.726681384992715,942.412300680228,793.544212330168,1180.33721741728,1792.4001895381
"750",75,"ANN",-5.87929264261701,-25.5272951641369,4706.49064707858,7817.77213143908,-438.052624601603,5536.46046278759
"751",76,"Lasso",0.375024432031627,0.370561130417576,1372.99624864973,1401.37731100138,970.978865803583,2051.1593358193
"752",76,"Ridge",0.328237003002989,0.334606553146903,1423.46197255135,1440.84599051309,957.84717981349,2068.54778443374
"753",76,"Log-Linear",-0.306099450219774,0.197669690043498,1984.84205860021,1582.17639972469,276.902923292486,1352.34915828145
"754",76,"OLS",0.492837613846712,0.53866210516508,1236.83381102656,1199.74201297818,956.943839464136,1875.42459145114
"755",76,"Quadratic_all",0.603579045041815,0.35107533375971,1093.49331509293,1422.90348755989,729.78859743909,1803.30798007276
"756",76,"Quadratic_correlated",0.557378422215607,0.352548581213215,1155.45788781062,1421.28736769465,813.047641555791,1897.61036962586
"757",76,"Stepwise",0.471108091599357,0.465848859262886,1263.05217793285,1290.95285622298,963.99636590909,1956.60990955745
"758",76,"RandomForest",0.693422432906002,0.708070823596661,961.630030689646,954.370603293422,1087.24144873118,1818.49715869157
"759",76,"Bagging",0.710647205273378,0.730868481694198,934.225401160735,916.348310286818,1086.25941993096,1786.32627418558
"760",76,"ANN",-6.83992574723477,-46.6309690851563,4862.88282943266,12190.5418977282,-5613.13965755274,3576.52030400636
"761",77,"Lasso",0.334549101248809,0.387947615823597,1407.068285622,1410.89602862533,1144.91617985055,2228.75669015287
"762",77,"Ridge",0.329741215189913,0.338568939084446,1412.14217508406,1466.70579133139,1126.31582881307,2253.57747208113
"763",77,"Log-Linear",-0.754756037429014,-0.00893114110086368,2284.89127415167,1811.47138252677,1270.44008625076,2662.67618792173
"764",77,"OLS",0.518433208755934,0.445860825478875,1196.97596972053,1342.48716021545,1319.66062765422,2354.98408164433
"765",77,"Quadratic_all",0.659171282312423,-0.841460552892827,1006.99022952619,2447.2702118596,1589.84973678861,3402.57804951616
"766",77,"Quadratic_correlated",0.560139559735573,0.354605552851074,1143.96995598809,1448.81630957096,1250.48090594693,2367.9728763911
"767",77,"Stepwise",0.506297797198465,0.408303373410574,1211.96394179675,1387.23571264425,1232.80979835437,2302.21568352411
"768",77,"RandomForest",0.7684776896638,0.344190259692261,829.95317419621,1460.45992805345,1151.91104798031,2275.75247243802
"769",77,"Bagging",0.774659504490659,0.354910930623556,818.798029728496,1448.47350475757,1205.04411387086,2321.6010786784
"770",77,"ANN",-6.92224877239277,-24.806745742394,4854.91247066051,9161.51581247222,-1113.81680928097,5937.54236777051
"771",78,"Lasso",0.452934230757558,-0.129030296098784,1357.32348002268,1373.08569351019,839.576006635978,1898.62069298228
"772",78,"Ridge",0.400955727694237,-0.061487291958493,1420.34239867724,1331.38065957827,962.831789502644,1987.18953043744
"773",78,"Log-Linear",0.146300287215808,-0.325094852680374,1695.57169863301,1487.53888674502,600.659051798032,1736.2427925223
"774",78,"OLS",0.541430698545548,0.0199445937429518,1242.69937606112,1279.29339786069,1071.63257698743,2048.65889487268
"775",78,"Quadratic_all",0.603840701624654,0.104652163237776,1155.04397287145,1222.75863535325,1231.87275576182,2144.74979845443
"776",78,"Quadratic_correlated",0.554195160120668,0.137308001905252,1225.28179497693,1200.25280370661,1183.30886258397,2088.01839580362
"777",78,"Stepwise",0.530277243976186,-0.0966386475302476,1257.72122935107,1353.2455817237,1001.29480434589,2039.52873663905
"778",78,"RandomForest",0.764481951297105,0.0982681476613118,890.585640813387,1227.11015352664,1004.43724174083,1948.07692326301
"779",78,"Bagging",0.77998602595089,-0.0267108789840758,860.773174832904,1309.38971756604,1027.44220594603,2030.91570803423
"780",78,"ANN",-6.03480885340587,-77.3178485408954,4867.31823355797,11436.0282235121,-5512.78622599992,3077.23665332879
"781",79,"Lasso",0.404141560615431,0.288606601826794,1289.19829831141,1684.17271276601,944.513341894326,2234.17293254624
"782",79,"Ridge",0.349401035451519,0.261542138363038,1347.11558335647,1715.91025774913,925.694471636942,2239.37537384431
"783",79,"Log-Linear",-0.185001334840503,0.0369496333784312,1818.05742195125,1959.54937870222,282.640153508205,1654.3890247564
"784",79,"OLS",0.550796292172312,0.323592571638428,1119.36015182195,1642.23723757893,931.659026863921,2185.56754690323
"785",79,"Quadratic_all",0.677153100177747,0.187032434445775,948.956896543858,1800.39716694787,782.39068539679,2148.10845091528
"786",79,"Quadratic_correlated",0.634638970887492,0.185575614947822,1009.50688935605,1802.00958042902,870.929153076856,2249.36957514882
"787",79,"Stepwise",0.544363210875537,0.279101239594613,1127.34688080111,1695.38700757623,984.568948052866,2286.72877143445
"788",79,"RandomForest",0.765799943485826,0.387631470718953,808.242482576152,1562.56518245351,920.019590686404,2105.9859582895
"789",79,"Bagging",0.783179189655742,0.383939954201823,777.67593100629,1567.26788017854,905.888858447295,2093.65467344743
"790",79,"ANN",-7.42307883266898,-10.7677888975468,4847.11818274049,6849.8197878994,-26.0072200708669,5220.67076911888
"791",80,"Lasso",0.406779239509434,-0.247167257469531,1408.05153840835,1270.57239649381,1319.878682158,2115.00924577571
"792",80,"Ridge",0.359852787624063,-0.279768618052016,1462.6833241525,1287.07185605094,1351.7465715227,2145.09018219582
"793",80,"Log-Linear",-0.191722460442579,-0.00614129497760718,1995.71234176992,1141.21258604811,637.981133123168,1514.72015393927
"794",80,"OLS",0.509989637891922,0.103209051316276,1279.71427008405,1077.41414709489,1228.66758478164,1919.28718575422
"795",80,"Quadratic_all",0.601664095392783,-0.0762513465727859,1153.81214961703,1180.30411046424,1174.69580316042,1961.63841095732
"796",80,"Quadratic_correlated",0.566230315815166,-0.263138138154654,1204.03740456004,1278.68181755426,1336.4164924089,2130.33218973394
"797",80,"Stepwise",0.497555139928946,-0.095205788647265,1295.849557286,1190.65223339619,1258.77387737626,2020.57428343488
"798",80,"RandomForest",0.73225907297904,-0.368165964028928,945.949086513136,1330.78058665307,1293.46480747595,2144.40226309
"799",80,"Bagging",0.745802219381062,-0.366138896975334,921.714156880472,1329.79438268549,1253.06879306205,2119.55003724865
"800",80,"ANN",-5.16014659280071,-90.0508695226604,4537.38785613526,10856.2319685528,1433.50840418517,9121.3556380008
"801",81,"Lasso",0.3605067217364,0.411759330054392,1407.11452325358,1283.12779952071,1254.16032501556,2229.63162330278
"802",81,"Ridge",0.329291069950472,0.366100562760706,1441.04816896726,1331.99493552421,1257.78822240849,2268.63165125471
"803",81,"Log-Linear",-0.286436505248156,0.196603727636956,1995.7476720246,1499.53738154871,670.353547918052,1805.56886049412
"804",81,"OLS",0.510128531742112,0.356644715741859,1231.55135471684,1341.89281239834,1066.32797976254,2100.37791510935
"805",81,"Quadratic_all",0.601201594888383,0.0827997636634678,1111.18957934881,1602.22856223108,964.604171289646,2199.64826975311
"806",81,"Quadratic_correlated",0.534299595719107,0.351238303591235,1200.78363664385,1347.51928976996,1058.66620262019,2097.23195999852
"807",81,"Stepwise",0.493489497252499,0.328290845313808,1252.29221605379,1371.14386283349,1088.8960879722,2144.13075376944
"808",81,"RandomForest",0.71799313605098,0.48809336039753,934.418209296627,1196.98241926585,1341.23498860683,2241.36889576838
"809",81,"Bagging",0.739323751792255,0.424585956499822,898.384363683058,1269.06135398137,1350.67788768949,2301.59085778296
"810",81,"ANN",-6.62703056987784,-38.350235126276,4859.47326466377,10494.6040149935,-4361.93174942835,3597.96368414041
"811",82,"Lasso",0.399177356493567,-0.0801774484987907,1387.68442276649,1374.08422368849,1299.73154892331,2160.21393705666
"812",82,"Ridge",0.351203710872179,-0.148367272868772,1442.02153428984,1416.79235230662,1329.4831806787,2208.73065047769
"813",82,"Log-Linear",-0.106665473917766,0.121470513576321,1883.32706564888,1239.20732414879,604.498330808886,1553.19022849611
"814",82,"OLS",0.522113687883269,0.052366086482405,1237.5987527808,1287.02237640744,956.581526558639,1875.127141737
"815",82,"Quadratic_all",0.604290714568937,-0.00501789484252746,1126.17449627309,1325.41749155442,986.298836882702,1924.17233907299
"816",82,"Quadratic_correlated",0.549605844876634,0.0940657857642149,1201.47279164224,1258.38673405733,1068.3078485659,1932.58586669843
"817",82,"Stepwise",0.508071287675958,0.02149150811214,1255.6501508817,1307.82037724122,875.420535091839,1829.4959889705
"818",82,"RandomForest",0.729026938839095,0.0157065453511219,931.924278442521,1311.68061097612,1264.87200907084,2093.99257682647
"819",82,"Bagging",0.748509772872305,-0.0455670645489581,897.796946263663,1351.8912203471,1218.59630085408,2096.3781919331
"820",82,"ANN",-6.57404068655408,-42.6014644821502,4926.98663493863,8730.04211148283,-434.657629134098,6133.79306120295
"821",83,"Lasso",0.346796698882618,0.509917202426023,1432.96263507668,1131.33280201768,1144.45382676309,2015.75595988076
"822",83,"Ridge",0.305586711019379,0.445864839110775,1477.4734738386,1202.99411811028,1118.85814834829,2045.42971912826
"823",83,"Log-Linear",-0.19290565557609,0.27598765080562,1936.48318186007,1375.08212600837,464.634746505238,1429.50922886305
"824",83,"OLS",0.480192029081631,0.623874632250552,1278.29811401659,991.110238791849,1185.12562119211,1948.65663647979
"825",83,"Quadratic_all",0.566458637936768,0.574700265807623,1167.41682892061,1053.90922424676,1252.24583843082,2058.22599362907
"826",83,"Quadratic_correlated",0.519369455670868,0.578596772661848,1229.18248786404,1049.07026786946,1215.27206236574,2020.75479669916
"827",83,"Stepwise",0.451723622009762,0.591274625826437,1312.83591250208,1033.169198076,1176.34235733225,1972.06498349923
"828",83,"RandomForest",0.6913904846622,0.733934325937434,984.952613724735,833.585351605036,1252.28107929657,1893.83739537315
"829",83,"Bagging",0.707296298796779,0.745601572874108,959.234494474799,815.103693255993,1231.5861629324,1859.92599950519
"830",83,"ANN",-6.81048946950627,-195.202653015174,4955.07013949864,22636.4379542304,-15723.311381498,202.452164866564
"831",84,"Lasso",0.503782926466139,-1.29429731017733,1316.65666694188,1508.85223235302,918.635043347887,2057.57148536869
"832",84,"Ridge",0.425164881600472,-0.632998353017544,1417.12557967081,1272.95993557667,1062.67671079284,2005.32299821779
"833",84,"Log-Linear",0.264145649309174,-23.5221602798616,1603.36582272846,4932.887660331,566.704621001123,4251.13737023978
"834",84,"OLS",0.620929199033005,-1.96868117331639,1150.79206176444,1716.34125239223,1177.28864510861,2412.60744361493
"835",84,"Quadratic_all",0.6529247250496,-4.78029027881138,1101.15518773152,2394.95129671934,737.493767382544,2549.50983483169
"836",84,"Quadratic_correlated",0.590920846191268,-1.95705847920121,1195.47463374285,1712.97813058104,1295.87812205448,2495.51814009824
"837",84,"Stepwise",0.615015278340646,-1.99796349309918,1159.7341300533,1724.7852589731,1176.85479190468,2418.36257569986
"838",84,"RandomForest",0.751586561149552,-0.205137159306346,931.5887481707,1093.55366547965,1118.45421813528,1919.80538131763
"839",84,"Bagging",0.77541536626585,-0.271968788113413,885.781713088933,1123.46640196916,1133.19584235234,1952.71155864723
"840",84,"ANN",-5.71813959566349,-48.2474417717335,4844.63656682292,6990.58787637893,-3533.10006177286,1598.75007531694
"841",85,"Lasso",0.417269940061363,0.232506427921117,1381.42412611743,1263.43051397439,1074.02550897966,2045.89918604525
"842",85,"Ridge",0.353144639339052,0.263197171103696,1455.44874699512,1237.91159415733,1119.88851689012,2069.62574675202
"843",85,"Log-Linear",0.248211864929508,-32.3820902546917,1569.06544930957,8332.4123069809,-513.404462256957,5846.59566571128
"844",85,"OLS",0.573211250806985,-0.125283697105193,1182.22409600183,1529.83644093725,908.320427617067,2088.06718129788
"845",85,"Quadratic_all",0.62555352068993,0.0511587811104685,1107.35839265304,1404.78790564704,694.082930036785,1761.79390508065
"846",85,"Quadratic_correlated",0.588614794159033,0.0728843326060823,1160.69378917221,1388.6121098837,887.888954995398,1958.41159800055
"847",85,"Stepwise",0.571165673497167,-0.159223896844462,1185.0538800334,1552.73610252726,886.362254328239,2083.93434607922
"848",85,"RandomForest",0.731199068561989,0.504353016248186,938.2286928608,1015.31364318637,1037.93686353395,1820.51921518146
"849",85,"Bagging",0.746138316492656,0.5251710608539,911.783867128025,993.7624397002,1016.93563209406,1781.6523356054
"850",85,"ANN",-5.86762955767317,-21.0336807586451,4742.38443216347,6769.51437146411,-2888.24869823378,2135.88939407501
"851",86,"Lasso",0.396203011867647,0.292203646349018,1337.85298312214,1528.93869601653,1212.640612298,2391.92058618415
"852",86,"Ridge",0.359397020254257,0.262969598337386,1378.02595457699,1560.19403479843,1142.00485510563,2344.77536073006
"853",86,"Log-Linear",-0.783640134866261,-0.100164036478741,2299.41064864709,1906.18318397286,969.65488637197,2438.28486558477
"854",86,"OLS",0.539082062551209,0.371000486197916,1168.89291187643,1441.32216969493,1394.8476650435,2500.24184579338
"855",86,"Quadratic_all",0.659952745180473,0.101325333545288,1003.99732749211,1722.80911750146,1289.64054619949,2612.92696360983
"856",86,"Quadratic_correlated",0.59351743883197,0.217716883599441,1097.70054379236,1607.37752113533,1320.39110524608,2555.22063932074
"857",86,"Stepwise",0.511287094142386,0.269553589368167,1203.62118777316,1553.20969092596,1374.36564930371,2564.71155111329
"858",86,"RandomForest",0.76142562221555,0.354576351315873,840.958994833443,1460.01846701885,1252.59781246577,2378.61271025818
"859",86,"Bagging",0.772675009326317,0.333920815109379,820.892922204653,1483.19701562899,1279.0036630269,2422.18750143885
"860",86,"ANN",-6.87247886142166,-46.6589108460741,4830.79570810695,12546.0775732896,-2488.81692456831,7178.85538291076
"861",87,"Lasso",0.465747508108315,-0.163450813074119,1313.10545554877,1522.50597452578,314.960010743611,1473.19657736386
"862",87,"Ridge",0.395042356201996,-0.0616485753151443,1397.29727374366,1454.3715903255,617.609218309555,1739.10186757078
"863",87,"Log-Linear",-0.0135972952032524,-0.0711424017002453,1808.66880818302,1460.85999917184,43.6651601985702,1075.99866994242
"864",87,"OLS",0.552333224589828,0.0279385028449011,1201.99803908239,1391.65589137133,272.497066079102,1310.64949666104
"865",87,"Quadratic_all",0.636855719122626,-0.0587675667609198,1082.59478795071,1452.39687684407,492.74671013786,1610.67689607984
"866",87,"Quadratic_correlated",0.57186102709192,0.177830745307677,1175.48937742822,1279.86925888044,490.775755803903,1469.71641340901
"867",87,"Stepwise",0.546444124500491,-0.0210286504802424,1209.87840772084,1426.27725389811,271.091255357599,1339.48387510011
"868",87,"RandomForest",0.767843024146514,0.0480406361697013,865.599897598893,1377.19106646421,469.696682989795,1525.83407904785
"869",87,"Bagging",0.782142341152613,0.0442840863749611,838.518683077921,1379.90567448978,441.272951366423,1496.90308474399
"870",87,"ANN",-6.56108316652198,-38.6568286876892,4939.90201904624,8888.81735286704,-1307.73390886044,5508.66840370318
"871",88,"Lasso",0.404840549993189,0.373509027047655,1249.39171895178,1657.11642832791,1151.74183914745,2402.76857658234
"872",88,"Ridge",0.321634108542369,0.287533396310299,1333.87139094185,1767.16812729741,1023.86053881036,2345.51012636634
"873",88,"Log-Linear",0.3131426094854,-16.6680050211341,1342.19384835129,8800.13573848976,100.151515666605,6808.97551800642
"874",88,"OLS",0.590432823286771,0.0465492934314772,1036.44086571908,2044.30050760477,1326.29334164901,2903.09706832184
"875",88,"Quadratic_all",0.63154255638872,-0.0100657082700786,983.050036170367,2104.11962751837,1382.29064734401,3004.16676192442
"876",88,"Quadratic_correlated",0.595456659647139,0.167629446875397,1030.06465255017,1910.09060240893,1233.54489616826,2702.34414704796
"877",88,"Stepwise",0.589953723569684,0.0332863513348949,1037.04688766582,2058.46998648004,1328.06503777577,2915.79412131272
"878",88,"RandomForest",0.774766826555125,0.292576826945875,768.59602517031,1760.90227667459,906.211734942944,2191.86236110449
"879",88,"Bagging",0.787423559956841,0.300100447240845,746.688600454841,1751.51343130209,903.885747797064,2179.99423015984
"880",88,"ANN",-6.85191540820902,-5.29403858396177,4538.05507478394,5252.43049907874,-2435.29718246402,967.281558706406
"881",89,"Lasso",0.453322020280858,0.0467877535496756,1318.7732077259,1510.40613948186,643.668991754489,1802.78543462057
"882",89,"Ridge",0.399498353459053,0.0694360833045583,1382.16988516016,1492.35463862341,770.349716379994,1921.21022988634
"883",89,"Log-Linear",-0.0389667037648511,0.22157886445327,1818.0471402897,1364.91700733445,495.521523075959,1508.23458084056
"884",89,"OLS",0.530532842211145,0.25265587871325,1222.10053161254,1337.39361954324,794.337950375798,1824.66007804978
"885",89,"Quadratic_all",0.595749430487255,0.243285917098284,1134.04332123776,1345.7514110871,743.825485639253,1778.10236863665
"886",89,"Quadratic_correlated",0.562675966134544,0.272785554136295,1179.52186992159,1319.25936054343,1009.23074092757,2021.03085395214
"887",89,"Stepwise",0.506904700536289,-0.032090091513264,1252.47699102847,1571.65688693914,683.4052698382,1893.82477730397
"888",89,"RandomForest",0.75567786712893,0.232583600099135,881.628722381766,1355.23457703626,765.439540948983,1808.55615795233
"889",89,"Bagging",0.771563028006365,0.226027905647529,852.486523952708,1361.01084812461,721.887846036063,1766.82149871222
"890",89,"ANN",-6.12008411418577,-19.5149194263094,4759.34170853892,7007.02784618166,-760.419394713869,4627.03196174241
"891",90,"Lasso",0.388443152255651,0.44063350352884,1346.427762598,1348.13170117095,1029.99813301104,2062.63128079288
"892",90,"Ridge",0.326586020598106,0.328769568112221,1412.88139099132,1476.79398560176,1031.33989499023,2159.13415857986
"893",90,"Log-Linear",-0.313394243344675,0.0921982967311706,1973.1595121837,1717.43216588077,585.533566224617,1905.66427628028
"894",90,"OLS",0.495654212635874,0.493618783900751,1222.72513555186,1282.69348721986,1107.9759323565,2084.21956801117
"895",90,"Quadratic_all",0.567693332273282,0.445120093005369,1132.03696477116,1342.71424144818,1190.66110261394,2198.9063646823
"896",90,"Quadratic_correlated",0.530779909309495,0.486479590380889,1179.37777890394,1291.70383948876,1098.88196948357,2082.82054967857
"897",90,"Stepwise",0.483077867588389,0.49082756907579,1237.87617662417,1286.22378497258,1130.90425087601,2106.86200882791
"898",90,"RandomForest",0.716577448347523,0.431577874380832,916.604200389274,1359.00039544273,1070.78196156493,2107.44882895795
"899",90,"Bagging",0.742877822752605,0.438925816920799,873.040537799915,1350.18798453855,1098.39175288386,2125.38430005391
"900",90,"ANN",-6.18906504676393,-10.4102150599383,4616.37252740846,6088.79021470176,11.5919767693867,4651.25224376136
"901",91,"Lasso",0.404815102770339,0.108886928555263,1398.87389508033,1311.3471254248,1237.54292969941,2199.09747523547
"902",91,"Ridge",0.370225414032525,0.0823702626766785,1438.94826540074,1330.71484283165,1232.09057081066,2208.81704450323
"903",91,"Log-Linear",-0.981395358831531,-0.00155137314748166,2552.33799250562,1390.23390803976,865.329897262496,1935.44633515776
"904",91,"OLS",0.531921668598943,0.250866403980312,1240.54317267427,1202.34997449952,1040.78686350447,1956.853451653
"905",91,"Quadratic_all",0.607632235015198,0.132798805243139,1135.79322764473,1293.63332624842,1118.19749091805,2090.12556627444
"906",91,"Quadratic_correlated",0.588620529155132,0.0178455136355208,1162.98448792217,1376.70586902606,1023.6624577689,2069.91340184724
"907",91,"Stepwise",0.515419163212157,0.156721603573789,1262.22196154934,1275.66531899616,939.319434717314,1919.06416217975
"908",91,"RandomForest",0.770643242242694,0.00883264564108532,868.377145339375,1383.00820345596,963.252191531475,2020.85833133569
"909",91,"Bagging",0.792048880900001,-0.131445912850755,826.862403337062,1477.63837166621,965.424778460769,2092.72719097522
"910",91,"ANN",-5.89017103504679,-22.1767525874305,4759.56887429946,6687.71186834222,-558.080591074308,4572.28756749635
"911",92,"Lasso",0.353301923010307,0.422381455902941,1421.16645102691,1233.78918585548,1314.68014373157,2222.33091394146
"912",92,"Ridge",0.32234676811637,0.350404823701734,1454.78199998894,1308.40378324693,1306.8216968672,2269.97635607385
"913",92,"Log-Linear",0.262839030888701,-14.1208521417133,1517.31352166209,6312.60374906028,-117.804717576512,4702.09379824543
"914",92,"OLS",0.520915145115536,0.335042885062372,1223.20819745464,1323.78426378724,1116.98185366336,2123.50960922916
"915",92,"Quadratic_all",0.57579440649941,0.396741675268524,1151.01864133469,1260.87506848165,815.558629838981,1785.19117110239
"916",92,"Quadratic_correlated",0.528990789763145,0.451199457900767,1212.85494070673,1202.61789371025,1168.34527525843,2079.39595146394
"917",92,"Stepwise",0.495125499570454,0.31123797827652,1255.69995924318,1347.2710928847,1173.50644467205,2189.37533220316
"918",92,"RandomForest",0.710427710311788,0.67099960394287,950.982799774994,931.147766636064,1319.24294675727,2007.5925920187
"919",92,"Bagging",0.722919321524527,0.722505785182773,930.244868776493,855.15996782949,1341.40397158019,1970.24221046504
"920",92,"ANN",-5.81024962178371,-23.0774800065133,4611.85535048632,7965.7360379515,-2331.50214967457,3790.96833569661
"921",93,"Lasso",0.352342590516576,0.48767592614358,1419.52042196573,1187.11840613731,1682.32174164081,2504.26789921969
"922",93,"Ridge",0.312967800578294,0.442888783482129,1462.03416567141,1237.92008142961,1550.513154757,2446.3786970966
"923",93,"Log-Linear",0.231826356025189,-29.8811754989277,1545.96150958296,9216.55392955594,572.907708092144,7429.99059810912
"924",93,"OLS",0.560985446259227,-0.130095241309419,1168.71450615861,1763.10907161581,1511.05006795426,2794.56560724744
"925",93,"Quadratic_all",0.636865672376495,-2.03210392060513,1062.92501611821,2887.97678538475,736.783580037794,2954.18509320088
"926",93,"Quadratic_correlated",0.550005825111941,0.026790619667871,1183.23885266557,1636.15634179918,1705.41939863532,2844.35441793723
"927",93,"Stepwise",0.542812885795192,-0.149924548447115,1192.65811180242,1778.51007430488,1294.73998130419,2632.54242587991
"928",93,"RandomForest",0.738932404217431,0.457300543201331,901.25037936774,1221.8034590981,1693.9658227113,2537.24546702751
"929",93,"Bagging",0.756620215982984,0.384714786613295,870.184265842167,1300.94787482591,1672.86949332269,2579.96355892236
"930",93,"ANN",-6.48479637725847,-12.773877964005,4825.68501149553,6155.30776238535,-878.38090218769,3868.96409204255
"931",94,"Lasso",0.409449867507148,0.188365805996419,1394.19627814721,1276.2263636952,986.610418545126,1970.73644285621
"932",94,"Ridge",0.363743844501403,0.17166397330774,1447.14327878986,1289.29060895053,1038.58574268335,2030.88463931979
"933",94,"Log-Linear",-0.259351141625019,0.134900478389877,2035.95865092181,1317.59087972496,443.780983154107,1369.6747464549
"934",94,"OLS",0.527801411382151,0.323241423781207,1246.68827710332,1165.37159451491,745.712456473989,1620.72596196045
"935",94,"Quadratic_all",0.643287828229331,-0.192820581250912,1083.56382530302,1547.15956305246,599.400617483889,1775.44904664728
"936",94,"Quadratic_correlated",0.590322425548224,0.0411920321706193,1161.22567376364,1387.11785272228,600.643073089969,1639.89648487821
"937",94,"Stepwise",0.506927922385889,0.327635562813744,1273.94517445095,1161.58210123771,783.954626913575,1662.68798168283
"938",94,"RandomForest",0.755106594649279,0.25115059410065,897.809256188943,1225.8710498535,906.166169741428,1850.0781618788
"939",94,"Bagging",0.777625699938364,0.205765818104059,855.535096919153,1262.47222189007,906.030388693657,1878.78583804933
"940",94,"ANN",-5.94941285349702,-21.544035064847,4782.66090390083,6726.10077185434,-613.842178075692,4558.447332212
"941",95,"Lasso",0.365762653625135,0.405572951607014,1444.08576047,1088.68656026028,1197.46522540505,2021.73676189693
"942",95,"Ridge",0.328862584271598,0.33885675897121,1485.50051107578,1148.15722046882,1219.40511421906,2083.77216421045
"943",95,"Log-Linear",-0.458347750947803,0.464468702965208,2189.76559523312,1033.34658459663,763.278677903185,1536.2642109773
"944",95,"OLS",0.502251084503894,0.489445627001505,1279.29953237006,1008.96146646593,1070.41190780566,1847.39045099908
"945",95,"Quadratic_all",0.587717646991774,0.388490084980219,1164.29880823326,1104.21929491429,955.192655994175,1806.74594458308
"946",95,"Quadratic_correlated",0.555708541179524,0.298557477797862,1208.65140735042,1182.63199698342,893.835478968014,1805.13008820269
"947",95,"Stepwise",0.482853851919239,0.382197693519846,1303.98839699958,1109.88592206284,952.554190767534,1808.47236754136
"948",95,"RandomForest",0.740634319115454,0.413889744666684,923.47115556789,1081.0436754424,904.579938635434,1736.04039708014
"949",95,"Bagging",0.754838259070182,0.429802804062026,897.828584853806,1066.26736910656,876.908869159358,1694.45538576691
"950",95,"ANN",-5.71606052729264,-50.9618367743117,4699.20488509115,10178.7823315015,-2245.98246419932,5602.19500214419
"951",96,"Lasso",0.466424474785857,-0.304573958140419,1337.22624036636,1497.65067758431,1188.85202588394,2304.82156947358
"952",96,"Ridge",0.401845443873179,-0.0763835642305652,1415.83827109162,1360.37832517172,1204.05201382185,2217.824932119
"953",96,"Log-Linear",0.235818928408523,0.418354571684786,1600.3135335251,1000.0122828332,1019.03262014216,1789.60254002306
"954",96,"OLS",0.529807186133102,-0.00255110656984381,1255.2924985885,1312.89330962725,1278.85566806233,2243.12981494844
"955",96,"Quadratic_all",0.591880324157707,0.0153176630633828,1169.50129327412,1301.14066044613,1424.48717633788,2343.16431794992
"956",96,"Quadratic_correlated",0.564962179365858,-0.0695328690406301,1207.45359028135,1356.0423181954,1865.37911319592,2649.5060331307
"957",96,"Stepwise",0.512990790531143,-0.310979994283481,1277.54300044297,1501.32323882006,1374.64216121023,2451.2452361706
"958",96,"RandomForest",0.745360999870664,0.149284079470221,923.781796492238,1209.39579725439,1368.00080108551,2236.26505104964
"959",96,"Bagging",0.760836325539689,0.0967824357999895,895.271065186759,1246.15585424878,1389.06643292023,2278.13467471036
"960",96,"ANN",-5.58533611945915,-54.8968494059568,4697.81503120472,9803.24462163175,2274.27723891852,9065.71503364161
"961",97,"Lasso",0.354218892124728,0.413093648428463,1471.43636006545,987.927921108477,1237.70173238155,1962.66577443779
"962",97,"Ridge",0.324425492512105,0.340184873125435,1504.99633490885,1047.49507316627,1274.04162862729,2033.3952204025
"963",97,"Log-Linear",-0.223143510000312,0.34729290616769,2025.05826520286,1041.83758629266,518.142728797447,1257.52134054781
"964",97,"OLS",0.485119822830875,0.612653554443228,1313.86850313025,802.584267911377,989.880600896176,1608.92199036802
"965",97,"Quadratic_all",0.570418795233448,0.224286517504569,1200.11109686516,1135.77295991694,833.301236970006,1709.13570211454
"966",97,"Quadratic_correlated",0.524411947593894,0.516143843440056,1262.74100510815,897.013523713039,981.923344709063,1673.37230639233
"967",97,"Stepwise",0.465786166319364,0.618657184404132,1338.30894491613,796.34019913479,1020.70904846818,1634.45414526953
"968",97,"RandomForest",0.714767468598187,0.672012754437972,977.908776374938,738.532025726812,1156.62351079694,1715.88598477909
"969",97,"Bagging",0.733843628012897,0.651111798981123,944.641997129515,761.700071198665,1175.15998396323,1748.5594355412
"970",97,"ANN",-6.00935237144328,-50.6892547051713,4847.72262139091,9271.30759864018,-5195.38083810726,1537.28807439736
"971",98,"Lasso",0.314185959565844,0.499019690831462,1398.71260660936,1373.31123635476,952.246834605962,2007.62058170757
"972",98,"Ridge",0.283511569925744,0.457157856662163,1429.65054467758,1429.53707587109,940.262465236617,2039.77133026027
"973",98,"Log-Linear",-0.306378453669299,0.438072002284144,1930.45555652469,1454.45061884881,498.56568853459,1525.52873170782
"974",98,"OLS",0.456715711636435,0.607185356793083,1244.9126384408,1216.05293335467,1077.18731936628,2014.30200275569
"975",98,"Quadratic_all",0.553124123392691,0.441725561750853,1129.06451604322,1449.71461388408,793.457726587371,1894.41859504576
"976",98,"Quadratic_correlated",0.490290878802357,0.601767885821768,1205.83116977801,1224.40976607948,1007.66540748234,1947.53917599692
"977",98,"Stepwise",0.436576292169021,0.55512001585248,1267.77698048582,1294.13647689756,1102.63647964241,2100.82106068736
"978",98,"RandomForest",0.67867086204916,0.72370138219131,957.415287189868,1019.87747813984,1159.51187701829,1945.39526099207
"979",98,"Bagging",0.697437038589765,0.746969750358051,929.037371567611,975.988874798887,1201.33184097285,1953.9742434685
"980",98,"ANN",-7.07909929764422,-12.0686185084518,4800.72441599249,7014.12474500132,-1091.67586707141,4318.42697247044
"981",99,"Lasso",0.480280276550973,-1.2865389126557,1343.53804981278,1324.90364404745,939.130746896865,1899.37701134033
"982",99,"Ridge",0.401994334764186,-0.922295716146305,1441.17931534272,1214.80087290916,1093.45093905053,1930.46799418676
"983",99,"Log-Linear",-0.658489105101361,-2.36084180311896,2400.05769884536,1606.27178744188,599.749462080731,1824.0828426356
"984",99,"OLS",0.568488657425148,-1.27215925255568,1224.22566253457,1320.73102496387,1016.63903301773,1953.37202380373
"985",99,"Quadratic_all",0.68145654497099,-3.0503982871389,1051.84007704377,1763.37167973907,736.490486057686,2055.53852534699
"986",99,"Quadratic_correlated",0.613354638926678,-2.02874942568655,1158.8354521041,1524.84840091248,801.731286489766,1936.06463361525
"987",99,"Stepwise",0.560910501331773,-1.27005590991735,1234.92873564254,1320.11958167227,1058.03295435485,1982.20235730008
"988",99,"RandomForest",0.7624084947829,-1.20881810536532,908.407739219842,1302.19185028186,1018.18015451025,1941.12541546239
"989",99,"Bagging",0.776350437061627,-1.42032956005066,881.352007343538,1363.11422114586,991.137028974396,1965.4388322549
"990",99,"ANN",-5.73638610222417,-1278.25956394353,4837.03084341007,31338.220537827,-11525.3204045503,12644.3629674812
"991",100,"Lasso",0.394986426351872,0.362006283985521,1397.66799957629,1193.74933022276,853.879207990137,1771.16013591828
"992",100,"Ridge",0.349423312808406,0.307311631128998,1449.34144400456,1243.86683378385,958.743990379977,1918.00756652667
"993",100,"Log-Linear",-0.300954246533779,0.110583634265292,2049.52147975614,1409.47539410145,250.392130634959,1197.36244872928
"994",100,"OLS",0.493642620926868,0.538653629294453,1278.64514615168,1015.12259505266,789.354225393549,1548.78040508422
"995",100,"Quadratic_all",0.590868529207148,0.320536033231164,1149.35160409704,1231.93602551554,519.802918676658,1402.87816586335
"996",100,"Quadratic_correlated",0.550079840085813,0.359261972023727,1205.2834394125,1196.31401472768,674.044549125859,1568.28272922802
"997",100,"Stepwise",0.451161072194677,0.452017656798278,1331.20186177153,1106.33900195141,694.008575372043,1512.49828801645
"998",100,"RandomForest",0.700315774431337,0.723476535013025,983.679010331793,785.906599075526,1166.21742684166,1771.04977899955
"999",100,"Bagging",0.716225155142509,0.737669685966687,957.212607671462,765.471771844951,1160.10343581272,1749.76834754786
"1000",100,"ANN",-6.3531208542235,-16.2258098535869,4872.56133570675,6202.89978720181,-2489.80553830787,2133.8980526384
